{
    "objects": [
        {
            "attributes": {
                "description": "This Couchbase dashboard visualizes the most relevant metrics for cluster, nodes and buckets. ", 
                "hits": 0, 
                "kibanaSavedObjectMeta": {
                    "searchSourceJSON": "{\"filter\": [], \"query\": {\"query\": \"\", \"language\": \"kuery\"}}"
                }, 
                "optionsJSON": "{\"useMargins\": true, \"hidePanelTitles\": false}", 
                "panelsJSON": "[{\"gridData\": {\"i\": \"1\", \"h\": 11, \"y\": 11, \"w\": 12, \"x\": 0}, \"title\": \"Buckets RAM Used\", \"embeddableConfig\": {}, \"version\": \"7.3.0\", \"panelRefName\": \"panel_0\", \"panelIndex\": \"1\"}, {\"gridData\": {\"i\": \"2\", \"h\": 11, \"y\": 11, \"w\": 12, \"x\": 12}, \"title\": \"Buckets Disk Used\", \"embeddableConfig\": {}, \"version\": \"7.3.0\", \"panelRefName\": \"panel_1\", \"panelIndex\": \"2\"}, {\"gridData\": {\"i\": \"3\", \"h\": 11, \"y\": 11, \"w\": 24, \"x\": 24}, \"title\": \"Node CPU Utilization\", \"embeddableConfig\": {}, \"version\": \"7.3.0\", \"panelRefName\": \"panel_2\", \"panelIndex\": \"3\"}, {\"gridData\": {\"i\": \"4\", \"h\": 11, \"y\": 22, \"w\": 12, \"x\": 0}, \"title\": \"Buckets Operations Per Second\", \"embeddableConfig\": {}, \"version\": \"7.3.0\", \"panelRefName\": \"panel_3\", \"panelIndex\": \"4\"}, {\"gridData\": {\"i\": \"5\", \"h\": 11, \"y\": 0, \"w\": 24, \"x\": 24}, \"title\": \"Operations per Node\", \"embeddableConfig\": {}, \"version\": \"7.3.0\", \"panelRefName\": \"panel_4\", \"panelIndex\": \"5\"}, {\"gridData\": {\"i\": \"6\", \"h\": 11, \"y\": 0, \"w\": 12, \"x\": 0}, \"title\": \"Cluster HDD Usage\", \"embeddableConfig\": {}, \"version\": \"7.3.0\", \"panelRefName\": \"panel_5\", \"panelIndex\": \"6\"}, {\"gridData\": {\"i\": \"7\", \"h\": 11, \"y\": 0, \"w\": 12, \"x\": 12}, \"title\": \"Cluster RAM\", \"embeddableConfig\": {}, \"version\": \"7.3.0\", \"panelRefName\": \"panel_6\", \"panelIndex\": \"7\"}, {\"gridData\": {\"i\": \"8\", \"h\": 11, \"y\": 22, \"w\": 12, \"x\": 12}, \"title\": \"Bucket Item Count\", \"embeddableConfig\": {}, \"version\": \"7.3.0\", \"panelRefName\": \"panel_7\", \"panelIndex\": \"8\"}, {\"gridData\": {\"i\": \"9\", \"h\": 11, \"y\": 33, \"w\": 24, \"x\": 24}, \"title\": \"Document Replicas\", \"embeddableConfig\": {}, \"version\": \"7.3.0\", \"panelRefName\": \"panel_8\", \"panelIndex\": \"9\"}, {\"gridData\": {\"i\": \"10\", \"h\": 11, \"y\": 22, \"w\": 24, \"x\": 24}, \"title\": \"Disk space used by docs\", \"embeddableConfig\": {}, \"version\": \"7.3.0\", \"panelRefName\": \"panel_9\", \"panelIndex\": \"10\"}, {\"gridData\": {\"i\": \"11\", \"h\": 11, \"y\": 33, \"w\": 24, \"x\": 0}, \"title\": \"Disk Fetches\", \"embeddableConfig\": {}, \"version\": \"7.3.0\", \"panelRefName\": \"panel_10\", \"panelIndex\": \"11\"}]", 
                "timeRestore": false, 
                "title": "[Metricbeat Couchbase] Cluster Overview", 
                "version": 1
            }, 
            "id": "46d21220-b9f1-11e9-a579-f5c0a5d81340", 
            "migrationVersion": {
                "dashboard": "7.3.0"
            }, 
            "references": [
                {
                    "id": "e781add0-b9dc-11e9-a579-f5c0a5d81340", 
                    "name": "panel_0", 
                    "type": "visualization"
                }, 
                {
                    "id": "c4c81a30-b9dd-11e9-a579-f5c0a5d81340", 
                    "name": "panel_1", 
                    "type": "visualization"
                }, 
                {
                    "id": "467c99c0-b9de-11e9-a579-f5c0a5d81340", 
                    "name": "panel_2", 
                    "type": "visualization"
                }, 
                {
                    "id": "e23a9fe0-b9db-11e9-a579-f5c0a5d81340", 
                    "name": "panel_3", 
                    "type": "visualization"
                }, 
                {
                    "id": "17a01210-b9e0-11e9-a579-f5c0a5d81340", 
                    "name": "panel_4", 
                    "type": "visualization"
                }, 
                {
                    "id": "f515f2e0-b9e0-11e9-a579-f5c0a5d81340", 
                    "name": "panel_5", 
                    "type": "visualization"
                }, 
                {
                    "id": "7cc8def0-b9e1-11e9-a579-f5c0a5d81340", 
                    "name": "panel_6", 
                    "type": "visualization"
                }, 
                {
                    "id": "97ee1ea0-b9f2-11e9-a579-f5c0a5d81340", 
                    "name": "panel_7", 
                    "type": "visualization"
                }, 
                {
                    "id": "63efced0-b9f4-11e9-a579-f5c0a5d81340", 
                    "name": "panel_8", 
                    "type": "visualization"
                }, 
                {
                    "id": "99980c90-ba8b-11e9-a579-f5c0a5d81340", 
                    "name": "panel_9", 
                    "type": "visualization"
                }, 
                {
                    "id": "19eed0e0-ba8c-11e9-a579-f5c0a5d81340", 
                    "name": "panel_10", 
                    "type": "visualization"
                }
            ], 
            "type": "dashboard", 
            "updated_at": "2019-08-19T14:28:56.796Z", 
            "version": "WzE1NDYsMV0="
        }, 
        {
            "attributes": {
                "description": "", 
                "kibanaSavedObjectMeta": {
                    "searchSourceJSON": "{\"filter\": [], \"query\": {\"query\": \"\", \"language\": \"kuery\"}}"
                }, 
                "title": "Buckets RAM Used [Metricbeat Couchbase] ECS", 
                "uiStateJSON": "{}", 
                "version": 1, 
                "visState": "{\"type\": \"metrics\", \"params\": {\"default_index_pattern\": \"metricbeat-*\", \"index_pattern\": \"metricbeat-*\", \"default_timefield\": \"@timestamp\", \"series\": [{\"line_width\": \"1\", \"terms_field\": \"couchbase.bucket.name\", \"metrics\": [{\"field\": \"couchbase.bucket.memory.used.bytes\", \"type\": \"max\", \"id\": \"1ad80862-b9dc-11e9-a74b-270ba78f4926\"}], \"color\": \"rgba(164,221,0,1)\", \"stacked\": \"none\", \"value_template\": \"{{value}}\", \"label\": \" RAM used\", \"filter\": {\"query\": \"\", \"language\": \"kuery\"}, \"separate_axis\": 0, \"split_mode\": \"terms\", \"chart_type\": \"line\", \"terms_order_by\": \"1ad80862-b9dc-11e9-a74b-270ba78f4926\", \"point_size\": 0, \"axis_position\": \"right\", \"formatter\": \"bytes\", \"id\": \"1ad80861-b9dc-11e9-a74b-270ba78f4926\", \"split_color_mode\": \"rainbow\", \"fill\": \"0.1\"}], \"axis_formatter\": \"number\", \"interval\": \"auto\", \"id\": \"1ad80860-b9dc-11e9-a74b-270ba78f4926\", \"filter\": {\"query\": \"\", \"language\": \"kuery\"}, \"time_field\": \"@timestamp\", \"show_legend\": 1, \"show_grid\": 1, \"axis_scale\": \"normal\", \"type\": \"timeseries\", \"axis_position\": \"left\"}, \"aggs\": [], \"title\": \"Buckets RAM Used [Metricbeat Couchbase] ECS\"}"
            }, 
            "id": "e781add0-b9dc-11e9-a579-f5c0a5d81340", 
            "migrationVersion": {
                "visualization": "7.3.0"
            }, 
            "references": [], 
            "type": "visualization", 
            "updated_at": "2019-08-19T14:26:15.240Z", 
            "version": "WzE0NzgsMV0="
        }, 
        {
            "attributes": {
                "description": "", 
                "kibanaSavedObjectMeta": {
                    "searchSourceJSON": "{\"filter\": [], \"query\": {\"query\": \"\", \"language\": \"kuery\"}}"
                }, 
                "title": "Buckets Disk Used [Metricbeat Couchbase] ECS", 
                "uiStateJSON": "{}", 
                "version": 1, 
                "visState": "{\"type\": \"metrics\", \"params\": {\"bar_color_rules\": [{\"id\": \"9bcf0ee0-b9dd-11e9-aa9d-55aa18f46863\"}], \"default_index_pattern\": \"metricbeat-*\", \"background_color_rules\": [{\"id\": \"a126b410-b9dd-11e9-aa9d-55aa18f46863\"}], \"time_field\": \"@timestamp\", \"index_pattern\": \"metricbeat-*\", \"default_timefield\": \"@timestamp\", \"series\": [{\"line_width\": \"1\", \"terms_field\": \"couchbase.bucket.name\", \"point_size\": 0, \"color\": \"rgba(0,98,177,1)\", \"stacked\": \"none\", \"value_template\": \"{{value}}\", \"label\": \"Disk Used\", \"metrics\": [{\"field\": \"couchbase.bucket.disk.used.bytes\", \"type\": \"max\", \"id\": \"04f7a402-b9dd-11e9-b988-d77f6106a7f0\"}], \"split_mode\": \"terms\", \"chart_type\": \"line\", \"separate_axis\": 0, \"axis_position\": \"right\", \"formatter\": \"bytes\", \"id\": \"04f7a401-b9dd-11e9-b988-d77f6106a7f0\", \"fill\": \"0.1\"}], \"axis_formatter\": \"number\", \"interval\": \"auto\", \"id\": \"04f7a400-b9dd-11e9-b988-d77f6106a7f0\", \"filter\": {\"query\": \"\", \"language\": \"kuery\"}, \"gauge_inner_width\": 10, \"show_legend\": 1, \"gauge_color_rules\": [{\"id\": \"97d88050-b9dd-11e9-aa9d-55aa18f46863\"}], \"show_grid\": 1, \"gauge_style\": \"half\", \"axis_scale\": \"normal\", \"gauge_width\": 10, \"type\": \"timeseries\", \"axis_position\": \"left\"}, \"aggs\": [], \"title\": \"Buckets Disk Used [Metricbeat Couchbase] ECS\"}"
            }, 
            "id": "c4c81a30-b9dd-11e9-a579-f5c0a5d81340", 
            "migrationVersion": {
                "visualization": "7.3.0"
            }, 
            "references": [], 
            "type": "visualization", 
            "updated_at": "2019-08-09T09:59:37.672Z", 
            "version": "Wzk5NiwxXQ=="
        }, 
        {
            "attributes": {
                "description": "", 
                "kibanaSavedObjectMeta": {
                    "searchSourceJSON": "{\"filter\": [], \"query\": {\"query\": \"\", \"language\": \"kuery\"}}"
                }, 
                "title": "Node CPU Utilization [Metricbeat Couchbase] ECS", 
                "uiStateJSON": "{}", 
                "version": 1, 
                "visState": "{\"type\": \"metrics\", \"params\": {\"default_index_pattern\": \"metricbeat-*\", \"index_pattern\": \"metricbeat-*\", \"default_timefield\": \"@timestamp\", \"series\": [{\"line_width\": 2, \"terms_field\": \"couchbase.node.hostname\", \"point_size\": 0, \"color\": \"#3185FC\", \"stacked\": \"none\", \"value_template\": \"{{value}}%\", \"label\": \"CPU Utilization\", \"metrics\": [{\"field\": \"couchbase.node.cpu_utilization_rate.pct\", \"type\": \"max\", \"id\": \"f6ae7491-b9dd-11e9-a864-6f6fa2fda75a\"}], \"split_mode\": \"terms\", \"chart_type\": \"line\", \"separate_axis\": 0, \"axis_position\": \"right\", \"formatter\": \"'0.'\", \"id\": \"f6ae7490-b9dd-11e9-a864-6f6fa2fda75a\", \"split_color_mode\": \"rainbow\", \"fill\": 0}], \"axis_formatter\": \"number\", \"interval\": \"auto\", \"id\": \"f6ae4d80-b9dd-11e9-a864-6f6fa2fda75a\", \"filter\": {\"query\": \"\", \"language\": \"kuery\"}, \"time_field\": \"@timestamp\", \"show_legend\": 1, \"show_grid\": 1, \"axis_scale\": \"normal\", \"type\": \"timeseries\", \"axis_position\": \"left\"}, \"aggs\": [], \"title\": \"Node CPU Utilization [Metricbeat Couchbase] ECS\"}"
            }, 
            "id": "467c99c0-b9de-11e9-a579-f5c0a5d81340", 
            "migrationVersion": {
                "visualization": "7.3.0"
            }, 
            "references": [], 
            "type": "visualization", 
            "updated_at": "2019-08-09T10:01:08.255Z", 
            "version": "WzEwMzEsMV0="
        }, 
        {
            "attributes": {
                "description": "", 
                "kibanaSavedObjectMeta": {
                    "searchSourceJSON": "{\"filter\": [], \"query\": {\"query\": \"\", \"language\": \"kuery\"}}"
                }, 
                "title": "Buckets Operations Per Second [Metricbeat Couchbase] ECS", 
                "uiStateJSON": "{}", 
                "version": 1, 
                "visState": "{\"type\": \"metrics\", \"params\": {\"default_index_pattern\": \"metricbeat-*\", \"index_pattern\": \"metricbeat-*\", \"default_timefield\": \"@timestamp\", \"series\": [{\"line_width\": 2, \"terms_field\": \"couchbase.bucket.name\", \"point_size\": 0, \"color\": \"#3185FC\", \"stacked\": \"none\", \"value_template\": \"{{value}}\", \"label\": \"ops_per_sec\", \"metrics\": [{\"field\": \"couchbase.bucket.ops_per_sec\", \"type\": \"max\", \"id\": \"b8a49142-b9db-11e9-bc93-69919d73c9bb\"}], \"split_mode\": \"terms\", \"chart_type\": \"line\", \"separate_axis\": 0, \"axis_position\": \"right\", \"formatter\": \"number\", \"id\": \"b8a49141-b9db-11e9-bc93-69919d73c9bb\", \"fill\": 0}], \"axis_formatter\": \"number\", \"interval\": \"auto\", \"id\": \"b8a49140-b9db-11e9-bc93-69919d73c9bb\", \"filter\": {\"query\": \"\", \"language\": \"kuery\"}, \"time_field\": \"@timestamp\", \"show_legend\": 1, \"show_grid\": 1, \"axis_scale\": \"normal\", \"type\": \"timeseries\", \"axis_position\": \"left\"}, \"aggs\": [], \"title\": \"Buckets Operations Per Second [Metricbeat Couchbase] ECS\"}"
            }, 
            "id": "e23a9fe0-b9db-11e9-a579-f5c0a5d81340", 
            "migrationVersion": {
                "visualization": "7.3.0"
            }, 
            "references": [], 
            "type": "visualization", 
            "updated_at": "2019-08-09T09:58:23.524Z", 
            "version": "Wzk3MiwxXQ=="
        }, 
        {
            "attributes": {
                "description": "", 
                "kibanaSavedObjectMeta": {
                    "searchSourceJSON": "{\"filter\": [], \"query\": {\"query\": \"\", \"language\": \"kuery\"}}"
                }, 
                "title": "Operations per Node [Metricbeat Couchbase] ECS", 
                "uiStateJSON": "{}", 
                "version": 1, 
                "visState": "{\"type\": \"metrics\", \"params\": {\"default_index_pattern\": \"metricbeat-*\", \"index_pattern\": \"metricbeat-*\", \"default_timefield\": \"@timestamp\", \"series\": [{\"line_width\": \"1\", \"terms_field\": \"couchbase.node.hostname\", \"point_size\": 0, \"color\": \"rgba(84,141,162,1)\", \"stacked\": \"none\", \"value_template\": \"{{value}}\", \"label\": \"max(couchbase.node.ops)\", \"metrics\": [{\"field\": \"couchbase.node.ops\", \"type\": \"max\", \"id\": \"ec9c42a2-b9df-11e9-8634-0fd532c4482a\"}], \"split_mode\": \"terms\", \"chart_type\": \"line\", \"separate_axis\": 0, \"axis_position\": \"right\", \"formatter\": \"number\", \"id\": \"ec9c42a1-b9df-11e9-8634-0fd532c4482a\", \"fill\": \"0.1\"}], \"axis_formatter\": \"number\", \"interval\": \"auto\", \"id\": \"ec9c42a0-b9df-11e9-8634-0fd532c4482a\", \"filter\": {\"query\": \"\", \"language\": \"kuery\"}, \"time_field\": \"@timestamp\", \"show_legend\": 1, \"show_grid\": 1, \"axis_scale\": \"normal\", \"type\": \"timeseries\", \"axis_position\": \"left\"}, \"aggs\": [], \"title\": \"Operations per Node [Metricbeat Couchbase] ECS\"}"
            }, 
            "id": "17a01210-b9e0-11e9-a579-f5c0a5d81340", 
            "migrationVersion": {
                "visualization": "7.3.0"
            }, 
            "references": [], 
            "type": "visualization", 
            "updated_at": "2019-08-09T10:00:47.340Z", 
            "version": "WzEwMjQsMV0="
        }, 
        {
            "attributes": {
                "description": "", 
                "kibanaSavedObjectMeta": {
                    "searchSourceJSON": "{\"filter\": [], \"query\": {\"query\": \"\", \"language\": \"kuery\"}}"
                }, 
                "title": "Cluster HDD Usage [Metricbeat Couchbase] ECS", 
                "uiStateJSON": "{}", 
                "version": 1, 
                "visState": "{\"type\": \"metrics\", \"params\": {\"default_index_pattern\": \"metricbeat-*\", \"gauge_color_rules\": [{\"id\": \"c82f80c0-b9e0-11e9-8604-efdef550e653\"}], \"background_color_rules\": [{\"id\": \"c7abd1d0-b9e0-11e9-8604-efdef550e653\"}], \"time_field\": \"@timestamp\", \"index_pattern\": \"metricbeat-*\", \"default_timefield\": \"@timestamp\", \"series\": [{\"line_width\": \"1\", \"point_size\": 0, \"color\": \"rgba(67,191,147,1)\", \"stacked\": \"none\", \"value_template\": \"{{value}}\", \"label\": \"Free\", \"metrics\": [{\"field\": \"couchbase.cluster.hdd.free.bytes\", \"type\": \"max\", \"id\": \"c34f7c92-b9e0-11e9-ab08-bf43409c5a0d\"}], \"split_mode\": \"everything\", \"chart_type\": \"line\", \"separate_axis\": 0, \"axis_position\": \"right\", \"formatter\": \"bytes\", \"id\": \"c34f7c91-b9e0-11e9-ab08-bf43409c5a0d\", \"split_color_mode\": \"gradient\", \"fill\": \"0.2\"}, {\"line_width\": 1, \"point_size\": \"0\", \"color\": \"#68BC00\", \"stacked\": \"none\", \"label\": \"Data\", \"metrics\": [{\"field\": \"couchbase.cluster.hdd.used.by_data.bytes\", \"type\": \"max\", \"id\": \"8949ecc1-ba89-11e9-8d4d-f510918c2882\"}], \"split_mode\": \"everything\", \"chart_type\": \"line\", \"separate_axis\": 0, \"axis_position\": \"right\", \"formatter\": \"bytes\", \"id\": \"8949ecc0-ba89-11e9-8d4d-f510918c2882\", \"fill\": 0.5}, {\"line_width\": 1, \"point_size\": \"0\", \"color\": \"rgba(0,156,224,1)\", \"stacked\": \"none\", \"label\": \"Cluster\", \"metrics\": [{\"field\": \"couchbase.cluster.hdd.used.value.bytes\", \"type\": \"max\", \"id\": \"ce3d98e1-ba89-11e9-8d4d-f510918c2882\"}], \"split_mode\": \"everything\", \"chart_type\": \"line\", \"separate_axis\": 0, \"axis_position\": \"right\", \"formatter\": \"bytes\", \"id\": \"ce3d98e0-ba89-11e9-8d4d-f510918c2882\", \"fill\": 0.5}, {\"line_width\": 1, \"point_size\": \"0\", \"color\": \"rgba(159,5,0,1)\", \"stacked\": \"none\", \"label\": \"Total\", \"metrics\": [{\"field\": \"couchbase.cluster.hdd.total.bytes\", \"type\": \"max\", \"id\": \"2f4dbb21-ba89-11e9-8d4d-f510918c2882\"}], \"split_mode\": \"everything\", \"chart_type\": \"line\", \"separate_axis\": 0, \"axis_position\": \"right\", \"formatter\": \"bytes\", \"id\": \"2f4dbb20-ba89-11e9-8d4d-f510918c2882\", \"fill\": \"0\"}], \"axis_formatter\": \"number\", \"interval\": \"auto\", \"id\": \"c34f7c90-b9e0-11e9-ab08-bf43409c5a0d\", \"filter\": {\"query\": \"\", \"language\": \"kuery\"}, \"gauge_inner_width\": 10, \"show_legend\": 1, \"show_grid\": 1, \"gauge_style\": \"half\", \"axis_scale\": \"normal\", \"gauge_width\": 10, \"type\": \"timeseries\", \"axis_position\": \"left\"}, \"aggs\": [], \"title\": \"Cluster HDD Usage [Metricbeat Couchbase] ECS\"}"
            }, 
            "id": "f515f2e0-b9e0-11e9-a579-f5c0a5d81340", 
            "migrationVersion": {
                "visualization": "7.3.0"
            }, 
            "references": [], 
            "type": "visualization", 
            "updated_at": "2019-08-09T10:00:12.389Z", 
            "version": "WzEwMTUsMV0="
        }, 
        {
            "attributes": {
                "description": "", 
                "kibanaSavedObjectMeta": {
                    "searchSourceJSON": "{\"filter\": [], \"query\": {\"query\": \"\", \"language\": \"kuery\"}}"
                }, 
                "title": "Cluster RAM [Metricbeat Couchbase] ECS", 
                "uiStateJSON": "{}", 
                "version": 1, 
                "visState": "{\"type\": \"metrics\", \"params\": {\"bar_color_rules\": [{\"id\": \"3afe8650-b9e1-11e9-861c-7f7211bffe38\"}], \"default_index_pattern\": \"metricbeat-*\", \"index_pattern\": \"metricbeat-*\", \"default_timefield\": \"@timestamp\", \"series\": [{\"line_width\": 2, \"point_size\": 0, \"color\": \"rgba(159,5,0,1)\", \"stacked\": \"none\", \"value_template\": \"{{value}}\", \"label\": \"Total\", \"metrics\": [{\"field\": \"couchbase.cluster.ram.total.bytes\", \"type\": \"max\", \"id\": \"24242702-b9e1-11e9-ab98-51a45917a19d\"}], \"split_mode\": \"everything\", \"chart_type\": \"line\", \"separate_axis\": 0, \"axis_position\": \"right\", \"formatter\": \"bytes\", \"id\": \"24242701-b9e1-11e9-ab98-51a45917a19d\", \"fill\": 0}, {\"line_width\": \"1\", \"point_size\": 0, \"color\": \"rgba(226,115,0,1)\", \"stacked\": \"none\", \"value_template\": \"{{value}}\", \"label\": \"Used\", \"metrics\": [{\"field\": \"couchbase.cluster.ram.used.value.bytes\", \"type\": \"max\", \"id\": \"24242704-b9e1-11e9-ab98-51a45917a19d\"}], \"split_mode\": \"everything\", \"chart_type\": \"line\", \"separate_axis\": 0, \"axis_position\": \"right\", \"formatter\": \"bytes\", \"id\": \"24242703-b9e1-11e9-ab98-51a45917a19d\", \"fill\": \"0.2\"}], \"axis_formatter\": \"number\", \"interval\": \"auto\", \"id\": \"24242700-b9e1-11e9-ab98-51a45917a19d\", \"filter\": {\"query\": \"\", \"language\": \"kuery\"}, \"time_field\": \"@timestamp\", \"show_legend\": 1, \"show_grid\": 1, \"axis_scale\": \"normal\", \"type\": \"timeseries\", \"axis_position\": \"left\"}, \"aggs\": [], \"title\": \"Cluster RAM [Metricbeat Couchbase] ECS\"}"
            }, 
            "id": "7cc8def0-b9e1-11e9-a579-f5c0a5d81340", 
            "migrationVersion": {
                "visualization": "7.3.0"
            }, 
            "references": [], 
            "type": "visualization", 
            "updated_at": "2019-08-09T09:59:56.912Z", 
            "version": "WzEwMDUsMV0="
        }, 
        {
            "attributes": {
                "description": "", 
                "kibanaSavedObjectMeta": {
                    "searchSourceJSON": "{\"filter\": [], \"query\": {\"query\": \"\", \"language\": \"kuery\"}}"
                }, 
                "title": "Bucket Item Count [Metricbeat Couchbase] ECS", 
                "uiStateJSON": "{}", 
                "version": 1, 
                "visState": "{\"type\": \"metrics\", \"params\": {\"default_index_pattern\": \"metricbeat-*\", \"index_pattern\": \"metricbeat-*\", \"default_timefield\": \"@timestamp\", \"series\": [{\"line_width\": \"1\", \"terms_field\": \"couchbase.bucket.name\", \"point_size\": 0, \"color\": \"rgba(252,196,0,1)\", \"stacked\": \"none\", \"value_template\": \"{{value}}\", \"label\": \"items\", \"metrics\": [{\"field\": \"couchbase.bucket.item_count\", \"type\": \"max\", \"id\": \"5b94e6a2-b9f2-11e9-9c08-535482acfc9e\"}], \"split_mode\": \"terms\", \"chart_type\": \"line\", \"terms_order_by\": \"5b94e6a2-b9f2-11e9-9c08-535482acfc9e\", \"separate_axis\": 0, \"axis_position\": \"right\", \"formatter\": \"number\", \"id\": \"5b94e6a1-b9f2-11e9-9c08-535482acfc9e\", \"fill\": \"0.1\"}], \"axis_formatter\": \"number\", \"interval\": \"auto\", \"id\": \"5b94e6a0-b9f2-11e9-9c08-535482acfc9e\", \"filter\": {\"query\": \"\", \"language\": \"kuery\"}, \"time_field\": \"@timestamp\", \"show_legend\": 1, \"show_grid\": 1, \"axis_scale\": \"normal\", \"type\": \"timeseries\", \"axis_position\": \"left\"}, \"aggs\": [], \"title\": \"Bucket Item Count [Metricbeat Couchbase] ECS\"}"
            }, 
            "id": "97ee1ea0-b9f2-11e9-a579-f5c0a5d81340", 
            "migrationVersion": {
                "visualization": "7.3.0"
            }, 
            "references": [], 
            "type": "visualization", 
            "updated_at": "2019-08-09T09:58:47.462Z", 
            "version": "Wzk4MCwxXQ=="
        }, 
        {
            "attributes": {
                "description": "", 
                "kibanaSavedObjectMeta": {
                    "searchSourceJSON": "{\"filter\": [], \"query\": {\"query\": \"\", \"language\": \"kuery\"}}"
                }, 
                "title": "Document Replicas [Metricbeat Couchbase] ECS", 
                "uiStateJSON": "{}", 
                "version": 1, 
                "visState": "{\"type\": \"metrics\", \"params\": {\"default_index_pattern\": \"metricbeat-*\", \"index_pattern\": \"metricbeat-*\", \"default_timefield\": \"@timestamp\", \"series\": [{\"line_width\": \"1\", \"terms_field\": \"couchbase.node.hostname\", \"point_size\": 0, \"color\": \"#3185FC\", \"stacked\": \"none\", \"value_template\": \"{{value}}\", \"label\": \"replicas\", \"metrics\": [{\"field\": \"couchbase.node.vb_replica_curr_items\", \"type\": \"max\", \"id\": \"2658bfa2-b9f4-11e9-ac89-cd269ee83e5f\"}], \"split_mode\": \"terms\", \"chart_type\": \"line\", \"separate_axis\": 0, \"axis_position\": \"right\", \"formatter\": \"number\", \"id\": \"2658bfa1-b9f4-11e9-ac89-cd269ee83e5f\", \"fill\": \"0.2\"}], \"axis_formatter\": \"number\", \"interval\": \"auto\", \"id\": \"2658bfa0-b9f4-11e9-ac89-cd269ee83e5f\", \"filter\": {\"query\": \"\", \"language\": \"kuery\"}, \"time_field\": \"@timestamp\", \"show_legend\": 1, \"show_grid\": 1, \"axis_scale\": \"normal\", \"type\": \"timeseries\", \"axis_position\": \"left\"}, \"aggs\": [], \"title\": \"Document Replicas [Metricbeat Couchbase] ECS\"}"
            }, 
            "id": "63efced0-b9f4-11e9-a579-f5c0a5d81340", 
            "migrationVersion": {
                "visualization": "7.3.0"
            }, 
            "references": [], 
            "type": "visualization", 
            "updated_at": "2019-08-09T10:01:57.445Z", 
            "version": "WzEwNDgsMV0="
        }, 
        {
            "attributes": {
                "description": "", 
                "kibanaSavedObjectMeta": {
                    "searchSourceJSON": "{\"filter\": [], \"query\": {\"query\": \"\", \"language\": \"kuery\"}}"
                }, 
                "title": "Disk space used by docs [Metricbeat Couchbase] ECS", 
                "uiStateJSON": "{}", 
                "version": 1, 
                "visState": "{\"type\": \"metrics\", \"params\": {\"default_index_pattern\": \"metricbeat-*\", \"index_pattern\": \"metricbeat-*\", \"default_timefield\": \"@timestamp\", \"series\": [{\"line_width\": \"1\", \"terms_field\": \"couchbase.node.hostname\", \"point_size\": 0, \"color\": \"rgba(83,167,131,1)\", \"stacked\": \"none\", \"value_template\": \"{{value}}\", \"label\": \"Docs \", \"metrics\": [{\"field\": \"couchbase.node.couch.docs.disk_size.bytes\", \"type\": \"max\", \"id\": \"46d25242-ba8b-11e9-a06c-c5fca4bfd53b\"}], \"split_mode\": \"terms\", \"chart_type\": \"line\", \"separate_axis\": 0, \"axis_position\": \"right\", \"formatter\": \"bytes\", \"id\": \"46d25241-ba8b-11e9-a06c-c5fca4bfd53b\", \"split_color_mode\": \"gradient\", \"fill\": \"0.1\"}], \"axis_formatter\": \"number\", \"interval\": \"auto\", \"id\": \"46d25240-ba8b-11e9-a06c-c5fca4bfd53b\", \"filter\": {\"query\": \"\", \"language\": \"kuery\"}, \"time_field\": \"@timestamp\", \"show_legend\": 1, \"show_grid\": 1, \"axis_scale\": \"normal\", \"type\": \"timeseries\", \"axis_position\": \"left\"}, \"aggs\": [], \"title\": \"Disk space used by docs [Metricbeat Couchbase] ECS\"}"
            }, 
            "id": "99980c90-ba8b-11e9-a579-f5c0a5d81340", 
            "migrationVersion": {
                "visualization": "7.3.0"
            }, 
            "references": [], 
            "type": "visualization", 
            "updated_at": "2019-08-09T10:15:08.388Z", 
            "version": "WzEwNzMsMV0="
        }, 
        {
            "attributes": {
                "description": "", 
                "kibanaSavedObjectMeta": {
                    "searchSourceJSON": "{\"filter\": [], \"query\": {\"query\": \"\", \"language\": \"kuery\"}}"
                }, 
                "title": "Disk Fetches [Metricbeat Couchbase] ECS", 
                "uiStateJSON": "{}", 
                "version": 1, 
                "visState": "{\"type\": \"metrics\", \"params\": {\"default_index_pattern\": \"metricbeat-*\", \"index_pattern\": \"metricbeat-*\", \"default_timefield\": \"@timestamp\", \"series\": [{\"line_width\": 2, \"terms_field\": \"couchbase.bucket.name\", \"point_size\": 0, \"color\": \"rgba(176,188,0,1)\", \"stacked\": \"none\", \"value_template\": \"{{value}}\", \"label\": \"Disk Fetches\", \"metrics\": [{\"field\": \"couchbase.bucket.disk.fetches\", \"type\": \"max\", \"id\": \"ead970d2-ba8b-11e9-8d1e-992a5619d7be\"}], \"split_mode\": \"terms\", \"chart_type\": \"line\", \"separate_axis\": 0, \"axis_position\": \"right\", \"formatter\": \"number\", \"id\": \"ead970d1-ba8b-11e9-8d1e-992a5619d7be\", \"fill\": 0}], \"axis_formatter\": \"number\", \"interval\": \"auto\", \"id\": \"ead970d0-ba8b-11e9-8d1e-992a5619d7be\", \"filter\": {\"query\": \"\", \"language\": \"kuery\"}, \"time_field\": \"@timestamp\", \"show_legend\": 1, \"show_grid\": 1, \"axis_scale\": \"normal\", \"type\": \"timeseries\", \"axis_position\": \"left\"}, \"aggs\": [], \"title\": \"Disk Fetches [Metricbeat Couchbase] ECS\"}"
            }, 
            "id": "19eed0e0-ba8c-11e9-a579-f5c0a5d81340", 
            "migrationVersion": {
                "visualization": "7.3.0"
            }, 
            "references": [], 
            "type": "visualization", 
            "updated_at": "2019-08-09T09:57:30.478Z", 
            "version": "Wzk2NSwxXQ=="
        }
    ], 
    "version": "7.3.0"
}