{
    "objects": [
        {
            "attributes": {
                "description": "Overview of CoreDNS server metrics.", 
                "hits": 0, 
                "kibanaSavedObjectMeta": {
                    "searchSourceJSON": "{\"filter\": [], \"query\": {\"query\": \"\", \"language\": \"lucene\"}}"
                }, 
                "optionsJSON": "{\"useMargins\": true, \"darkTheme\": false, \"hidePanelTitles\": false}", 
                "panelsJSON": "[{\"gridData\": {\"i\": \"1\", \"h\": 10, \"y\": 0, \"w\": 10, \"x\": 0}, \"panelRefName\": \"panel_0\", \"version\": \"6.7.0\", \"panelIndex\": \"1\", \"embeddableConfig\": {}}, {\"gridData\": {\"i\": \"2\", \"h\": 10, \"y\": 0, \"w\": 14, \"x\": 10}, \"panelRefName\": \"panel_1\", \"version\": \"6.7.0\", \"panelIndex\": \"2\", \"embeddableConfig\": {}}, {\"gridData\": {\"i\": \"3\", \"h\": 15, \"y\": 25, \"w\": 19, \"x\": 24}, \"panelRefName\": \"panel_2\", \"version\": \"6.7.0\", \"panelIndex\": \"3\", \"embeddableConfig\": {\"vis\": {\"colors\": {\"NXDOMAIN\": \"#99440A\"}}}}, {\"gridData\": {\"i\": \"10\", \"h\": 14, \"y\": 40, \"w\": 24, \"x\": 0}, \"panelRefName\": \"panel_3\", \"version\": \"6.7.0\", \"panelIndex\": \"10\", \"embeddableConfig\": {}}, {\"gridData\": {\"i\": \"11\", \"h\": 10, \"y\": 0, \"w\": 19, \"x\": 24}, \"panelRefName\": \"panel_4\", \"version\": \"7.0.0\", \"panelIndex\": \"11\", \"embeddableConfig\": {\"vis\": {\"colors\": {\"udp - 1\": \"#5195CE\", \"tcp - 1\": \"#B7DBAB\"}, \"legendOpen\": true}}}, {\"gridData\": {\"i\": \"12\", \"h\": 15, \"y\": 10, \"w\": 19, \"x\": 24}, \"panelRefName\": \"panel_5\", \"version\": \"7.0.0\", \"panelIndex\": \"12\", \"embeddableConfig\": {}}, {\"gridData\": {\"i\": \"15\", \"h\": 15, \"y\": 10, \"w\": 24, \"x\": 0}, \"panelRefName\": \"panel_6\", \"version\": \"7.0.0\", \"panelIndex\": \"15\", \"embeddableConfig\": {}}, {\"gridData\": {\"i\": \"16\", \"h\": 15, \"y\": 25, \"w\": 24, \"x\": 0}, \"panelRefName\": \"panel_7\", \"version\": \"7.0.0\", \"panelIndex\": \"16\", \"embeddableConfig\": {}}]", 
                "timeRestore": false, 
                "title": "[Metricbeat CoreDNS] Overview ECS", 
                "version": 1
            }, 
            "id": "Metricbeat-CoreDNS-Dashboard-ecs", 
            "migrationVersion": {
                "dashboard": "7.0.0"
            }, 
            "references": [
                {
                    "id": "36e08510-53c4-11e9-b466-9be470bbd327-ecs", 
                    "name": "panel_0", 
                    "type": "visualization"
                }, 
                {
                    "id": "a19df590-53c4-11e9-b466-9be470bbd327-ecs", 
                    "name": "panel_1", 
                    "type": "visualization"
                }, 
                {
                    "id": "27da53f0-53d5-11e9-b466-9be470bbd327-ecs", 
                    "name": "panel_2", 
                    "type": "visualization"
                }, 
                {
                    "id": "277fc650-67a9-11e9-a534-715561d0bf42", 
                    "name": "panel_3", 
                    "type": "visualization"
                }, 
                {
                    "id": "86177430-728d-11e9-b0d0-414c3011ddbb", 
                    "name": "panel_4", 
                    "type": "visualization"
                }, 
                {
                    "id": "a58345f0-7298-11e9-b0d0-414c3011ddbb", 
                    "name": "panel_5", 
                    "type": "visualization"
                }, 
                {
                    "id": "57c74300-7308-11e9-b0d0-414c3011ddbb", 
                    "name": "panel_6", 
                    "type": "visualization"
                }, 
                {
                    "id": "4804eaa0-7315-11e9-b0d0-414c3011ddbb", 
                    "name": "panel_7", 
                    "type": "visualization"
                }
            ], 
            "type": "dashboard", 
            "updated_at": "2019-05-10T11:25:44.629Z", 
            "version": "WzE3MzcsMV0="
        }, 
        {
            "attributes": {
                "description": "", 
                "kibanaSavedObjectMeta": {
                    "searchSourceJSON": "{\"filter\": [{\"meta\": {\"indexRefName\": \"kibanaSavedObjectMeta.searchSourceJSON.filter[0].meta.index\", \"value\": \"exists\", \"disabled\": false, \"alias\": null, \"key\": \"coredns.stats.panic.count\", \"negate\": false, \"type\": \"exists\"}, \"$state\": {\"store\": \"appState\"}, \"exists\": {\"field\": \"coredns.stats.panic.count\"}}], \"query\": {\"query\": \"\", \"language\": \"lucene\"}, \"indexRefName\": \"kibanaSavedObjectMeta.searchSourceJSON.index\"}"
                }, 
                "title": "Panic Count [Metricbeat CoreDNS] ECS", 
                "uiStateJSON": "{}", 
                "version": 1, 
                "visState": "{\"type\": \"metric\", \"params\": {\"type\": \"metric\", \"metric\": {\"style\": {\"bgFill\": \"#000\", \"bgColor\": false, \"fontSize\": 60, \"subText\": \"\", \"labelColor\": false}, \"colorSchema\": \"Green to Red\", \"invertColors\": false, \"labels\": {\"show\": false}, \"useRanges\": false, \"percentageMode\": false, \"colorsRange\": [{\"to\": 10000, \"from\": 0}], \"metricColorMode\": \"None\"}, \"addTooltip\": true, \"addLegend\": false}, \"aggs\": [{\"params\": {\"field\": \"coredns.stats.panic.count\", \"percents\": [100]}, \"type\": \"percentiles\", \"enabled\": true, \"id\": \"1\", \"schema\": \"metric\"}], \"title\": \"Panic Count [Metricbeat CoreDNS] ECS\"}"
            }, 
            "id": "36e08510-53c4-11e9-b466-9be470bbd327-ecs", 
            "migrationVersion": {
                "visualization": "7.0.0"
            }, 
            "references": [
                {
                    "id": "metricbeat-*", 
                    "name": "kibanaSavedObjectMeta.searchSourceJSON.index", 
                    "type": "index-pattern"
                }, 
                {
                    "id": "metricbeat-*", 
                    "name": "kibanaSavedObjectMeta.searchSourceJSON.filter[0].meta.index", 
                    "type": "index-pattern"
                }
            ], 
            "type": "visualization", 
            "updated_at": "2019-05-10T07:46:22.258Z", 
            "version": "WzE1MjcsMV0="
        }, 
        {
            "attributes": {
                "description": "", 
                "kibanaSavedObjectMeta": {
                    "searchSourceJSON": "{\"filter\": [{\"meta\": {\"indexRefName\": \"kibanaSavedObjectMeta.searchSourceJSON.filter[0].meta.index\", \"value\": \"exists\", \"disabled\": false, \"alias\": null, \"key\": \"coredns.stats.dns.request.do.count\", \"negate\": false, \"type\": \"exists\"}, \"$state\": {\"store\": \"appState\"}, \"exists\": {\"field\": \"coredns.stats.dns.request.do.count\"}}], \"query\": {\"query\": \"\", \"language\": \"lucene\"}, \"indexRefName\": \"kibanaSavedObjectMeta.searchSourceJSON.index\"}"
                }, 
                "title": "DO Count [Metricbeat CoreDNS] ECS", 
                "uiStateJSON": "{}", 
                "version": 1, 
                "visState": "{\"type\": \"metric\", \"params\": {\"type\": \"metric\", \"metric\": {\"style\": {\"bgFill\": \"#000\", \"bgColor\": false, \"fontSize\": 60, \"subText\": \"\", \"labelColor\": false}, \"colorSchema\": \"Green to Red\", \"invertColors\": false, \"labels\": {\"show\": false}, \"useRanges\": false, \"percentageMode\": false, \"colorsRange\": [{\"to\": 10000, \"from\": 0}], \"metricColorMode\": \"None\"}, \"addTooltip\": true, \"addLegend\": false}, \"aggs\": [{\"params\": {\"field\": \"coredns.stats.dns.request.do.count\", \"customLabel\": \"DO Count\", \"percents\": [100]}, \"type\": \"percentiles\", \"enabled\": true, \"id\": \"1\", \"schema\": \"metric\"}], \"title\": \"DO Count [Metricbeat CoreDNS] ECS\"}"
            }, 
            "id": "a19df590-53c4-11e9-b466-9be470bbd327-ecs", 
            "migrationVersion": {
                "visualization": "7.0.0"
            }, 
            "references": [
                {
                    "id": "metricbeat-*", 
                    "name": "kibanaSavedObjectMeta.searchSourceJSON.index", 
                    "type": "index-pattern"
                }, 
                {
                    "id": "metricbeat-*", 
                    "name": "kibanaSavedObjectMeta.searchSourceJSON.filter[0].meta.index", 
                    "type": "index-pattern"
                }
            ], 
            "type": "visualization", 
            "updated_at": "2019-05-10T07:46:22.258Z", 
            "version": "WzE1MjgsMV0="
        }, 
        {
            "attributes": {
                "description": "", 
                "kibanaSavedObjectMeta": {
                    "searchSourceJSON": "{\"filter\": [], \"query\": {\"query\": \"\", \"language\": \"lucene\"}, \"indexRefName\": \"kibanaSavedObjectMeta.searchSourceJSON.index\"}"
                }, 
                "title": "Responses by Rcode [Metricbeat CoreDNS] ECS", 
                "uiStateJSON": "{}", 
                "version": 1, 
                "visState": "{\"type\": \"line\", \"params\": {\"seriesParams\": [{\"showCircles\": true, \"show\": \"true\", \"type\": \"line\", \"interpolate\": \"linear\", \"mode\": \"normal\", \"drawLinesBetweenPoints\": true, \"valueAxis\": \"ValueAxis-1\", \"lineWidth\": 1, \"data\": {\"id\": \"1\", \"label\": \"Response per rcode\"}}], \"type\": \"line\", \"categoryAxes\": [{\"style\": {}, \"scale\": {\"type\": \"linear\"}, \"show\": true, \"title\": {}, \"labels\": {\"truncate\": 100, \"show\": true}, \"position\": \"bottom\", \"type\": \"category\", \"id\": \"CategoryAxis-1\"}], \"legendPosition\": \"right\", \"addTimeMarker\": false, \"addLegend\": true, \"grid\": {\"style\": {\"color\": \"#eee\"}, \"categoryLines\": false}, \"times\": [], \"addTooltip\": true, \"valueAxes\": [{\"style\": {}, \"scale\": {\"type\": \"linear\", \"mode\": \"normal\"}, \"name\": \"LeftAxis-1\", \"show\": true, \"title\": {\"text\": \"Response per rcode\"}, \"labels\": {\"filter\": false, \"rotate\": 0, \"truncate\": 100, \"show\": true}, \"position\": \"left\", \"type\": \"value\", \"id\": \"ValueAxis-1\"}]}, \"aggs\": [{\"params\": {\"field\": \"coredns.stats.dns.response.rcode.count\", \"customLabel\": \"Response per rcode\"}, \"type\": \"avg\", \"enabled\": true, \"id\": \"1\", \"schema\": \"metric\"}, {\"params\": {\"orderBy\": \"1\", \"missingBucket\": false, \"customLabel\": \"server\", \"missingBucketLabel\": \"Missing\", \"field\": \"coredns.stats.server\", \"otherBucketLabel\": \"Other\", \"otherBucket\": false, \"size\": 5, \"order\": \"desc\", \"row\": true}, \"type\": \"terms\", \"enabled\": true, \"id\": \"5\", \"schema\": \"split\"}, {\"params\": {\"timeRange\": {\"to\": \"now\", \"from\": \"now-15m\"}, \"extended_bounds\": {}, \"field\": \"@timestamp\", \"interval\": \"auto\", \"useNormalizedEsInterval\": true, \"drop_partials\": false, \"min_doc_count\": 1, \"customInterval\": \"2h\"}, \"type\": \"date_histogram\", \"enabled\": true, \"id\": \"3\", \"schema\": \"segment\"}, {\"params\": {\"orderBy\": \"1\", \"missingBucket\": false, \"missingBucketLabel\": \"Missing\", \"field\": \"coredns.stats.rcode\", \"otherBucketLabel\": \"Other\", \"otherBucket\": false, \"order\": \"desc\", \"size\": 5}, \"type\": \"terms\", \"enabled\": true, \"id\": \"4\", \"schema\": \"group\"}, {\"params\": {\"orderBy\": \"1\", \"missingBucket\": false, \"missingBucketLabel\": \"Missing\", \"field\": \"coredns.stats.zone\", \"otherBucketLabel\": \"Other\", \"otherBucket\": false, \"order\": \"desc\", \"size\": 5}, \"type\": \"terms\", \"enabled\": true, \"id\": \"6\", \"schema\": \"group\"}], \"title\": \"Responses by Rcode [Metricbeat CoreDNS] ECS\"}"
            }, 
            "id": "27da53f0-53d5-11e9-b466-9be470bbd327-ecs", 
            "migrationVersion": {
                "visualization": "7.0.0"
            }, 
            "references": [
                {
                    "id": "metricbeat-*", 
                    "name": "kibanaSavedObjectMeta.searchSourceJSON.index", 
                    "type": "index-pattern"
                }
            ], 
            "type": "visualization", 
            "updated_at": "2019-05-10T07:46:22.258Z", 
            "version": "WzE1MjksMV0="
        }, 
        {
            "attributes": {
                "description": "", 
                "kibanaSavedObjectMeta": {
                    "searchSourceJSON": "{\"filter\": [], \"query\": {\"query\": \"\", \"language\": \"lucene\"}, \"indexRefName\": \"kibanaSavedObjectMeta.searchSourceJSON.index\"}"
                }, 
                "title": " Cache Hits, Misses [Metricbeat CoreDNS] ECS", 
                "uiStateJSON": "{\"vis\": {\"colors\": {\"Average coredns.stats.dns.cache.misses.count\": \"#E24D42\", \"Hits\": \"#9AC48A\", \"Misses\": \"#EA6460\"}}}", 
                "version": 1, 
                "visState": "{\"type\": \"line\", \"params\": {\"seriesParams\": [{\"showCircles\": true, \"show\": \"true\", \"data\": {\"id\": \"1\", \"label\": \"Hits\"}, \"mode\": \"normal\", \"drawLinesBetweenPoints\": true, \"valueAxis\": \"ValueAxis-1\", \"type\": \"line\"}, {\"showCircles\": true, \"show\": true, \"data\": {\"id\": \"3\", \"label\": \"Misses\"}, \"mode\": \"normal\", \"drawLinesBetweenPoints\": true, \"valueAxis\": \"ValueAxis-2\", \"type\": \"line\"}], \"type\": \"line\", \"categoryAxes\": [{\"style\": {}, \"scale\": {\"type\": \"linear\"}, \"show\": true, \"title\": {}, \"labels\": {\"truncate\": 100, \"show\": true}, \"position\": \"bottom\", \"type\": \"category\", \"id\": \"CategoryAxis-1\"}], \"legendPosition\": \"right\", \"addTimeMarker\": false, \"addLegend\": true, \"grid\": {\"style\": {\"color\": \"#eee\"}, \"categoryLines\": false}, \"times\": [], \"addTooltip\": true, \"valueAxes\": [{\"style\": {}, \"scale\": {\"defaultYExtents\": false, \"setYExtents\": false, \"type\": \"linear\", \"mode\": \"normal\"}, \"name\": \"LeftAxis-1\", \"show\": true, \"title\": {\"text\": \"Hits\"}, \"labels\": {\"filter\": false, \"rotate\": 0, \"truncate\": 100, \"show\": true}, \"position\": \"left\", \"type\": \"value\", \"id\": \"ValueAxis-1\"}, {\"style\": {}, \"scale\": {\"type\": \"linear\", \"mode\": \"normal\"}, \"name\": \"RightAxis-1\", \"show\": true, \"title\": {\"text\": \"Misses\"}, \"labels\": {\"filter\": false, \"rotate\": 0, \"truncate\": 100, \"show\": true}, \"position\": \"right\", \"type\": \"value\", \"id\": \"ValueAxis-2\"}]}, \"aggs\": [{\"params\": {\"field\": \"coredns.stats.dns.cache.hits.count\", \"customLabel\": \"Hits\"}, \"type\": \"max\", \"enabled\": true, \"id\": \"1\", \"schema\": \"metric\"}, {\"params\": {\"timeRange\": {\"to\": \"now\", \"from\": \"now-30m\"}, \"extended_bounds\": {}, \"field\": \"@timestamp\", \"interval\": \"auto\", \"useNormalizedEsInterval\": true, \"drop_partials\": false, \"min_doc_count\": 0, \"customInterval\": \"2h\"}, \"type\": \"date_histogram\", \"enabled\": true, \"id\": \"2\", \"schema\": \"segment\"}, {\"params\": {\"field\": \"coredns.stats.dns.cache.misses.count\", \"customLabel\": \"Misses\"}, \"type\": \"max\", \"enabled\": true, \"id\": \"3\", \"schema\": \"metric\"}, {\"params\": {\"orderBy\": \"1\", \"missingBucket\": false, \"customLabel\": \"server\", \"missingBucketLabel\": \"Missing\", \"field\": \"coredns.stats.server\", \"otherBucketLabel\": \"Other\", \"otherBucket\": false, \"size\": 5, \"order\": \"desc\", \"row\": true}, \"type\": \"terms\", \"enabled\": true, \"id\": \"4\", \"schema\": \"split\"}], \"title\": \" Cache Hits, Misses [Metricbeat CoreDNS] ECS\"}"
            }, 
            "id": "277fc650-67a9-11e9-a534-715561d0bf42", 
            "migrationVersion": {
                "visualization": "7.0.0"
            }, 
            "references": [
                {
                    "id": "metricbeat-*", 
                    "name": "kibanaSavedObjectMeta.searchSourceJSON.index", 
                    "type": "index-pattern"
                }
            ], 
            "type": "visualization", 
            "updated_at": "2019-05-10T07:46:22.258Z", 
            "version": "WzE1MzAsMV0="
        }, 
        {
            "attributes": {
                "description": "", 
                "kibanaSavedObjectMeta": {
                    "searchSourceJSON": "{\"filter\": [], \"query\": {\"query\": \"\", \"language\": \"kuery\"}, \"indexRefName\": \"kibanaSavedObjectMeta.searchSourceJSON.index\"}"
                }, 
                "title": "Requests by Zone [Metricbeat CoreDNS] ECS", 
                "uiStateJSON": "{\"vis\": {\"legendOpen\": true}}", 
                "version": 1, 
                "visState": "{\"type\": \"horizontal_bar\", \"params\": {\"seriesParams\": [{\"showCircles\": true, \"show\": true, \"data\": {\"id\": \"1\", \"label\": \"Request count\"}, \"mode\": \"stacked\", \"drawLinesBetweenPoints\": true, \"valueAxis\": \"ValueAxis-1\", \"type\": \"histogram\"}], \"type\": \"histogram\", \"categoryAxes\": [{\"style\": {}, \"scale\": {\"type\": \"linear\"}, \"show\": true, \"title\": {}, \"labels\": {\"filter\": true, \"rotate\": 0, \"truncate\": 200, \"show\": true}, \"position\": \"left\", \"type\": \"category\", \"id\": \"CategoryAxis-1\"}], \"legendPosition\": \"right\", \"addTimeMarker\": false, \"addLegend\": true, \"grid\": {\"categoryLines\": false}, \"orderBucketsBySum\": false, \"times\": [], \"addTooltip\": true, \"valueAxes\": [{\"style\": {}, \"scale\": {\"type\": \"linear\", \"mode\": \"normal\"}, \"name\": \"BottomAxis-1\", \"show\": true, \"title\": {\"text\": \"Request count\"}, \"labels\": {\"filter\": true, \"rotate\": 75, \"truncate\": 100, \"show\": true}, \"position\": \"bottom\", \"type\": \"value\", \"id\": \"ValueAxis-1\"}]}, \"aggs\": [{\"params\": {\"sortField\": \"@timestamp\", \"customLabel\": \"Request count\", \"field\": \"coredns.stats.dns.request.count\", \"sortOrder\": \"desc\", \"aggregate\": \"max\", \"size\": 1}, \"type\": \"top_hits\", \"enabled\": true, \"id\": \"1\", \"schema\": \"metric\"}, {\"params\": {\"orderBy\": \"_key\", \"missingBucket\": false, \"customLabel\": \"server\", \"missingBucketLabel\": \"Missing\", \"field\": \"coredns.stats.server\", \"otherBucketLabel\": \"Other\", \"otherBucket\": false, \"size\": 5, \"order\": \"desc\", \"row\": true}, \"type\": \"terms\", \"enabled\": true, \"id\": \"2\", \"schema\": \"split\"}, {\"params\": {\"orderBy\": \"_key\", \"missingBucket\": false, \"customLabel\": \"zone\", \"missingBucketLabel\": \"Missing\", \"field\": \"coredns.stats.zone\", \"otherBucketLabel\": \"Other\", \"otherBucket\": false, \"order\": \"desc\", \"size\": 5}, \"type\": \"terms\", \"enabled\": true, \"id\": \"4\", \"schema\": \"segment\"}, {\"params\": {\"orderBy\": \"_key\", \"missingBucket\": false, \"customLabel\": \"protocol\", \"missingBucketLabel\": \"Missing\", \"field\": \"coredns.stats.proto\", \"otherBucketLabel\": \"Other\", \"otherBucket\": false, \"order\": \"desc\", \"size\": 5}, \"type\": \"terms\", \"enabled\": true, \"id\": \"5\", \"schema\": \"group\"}, {\"params\": {\"orderBy\": \"_key\", \"missingBucket\": false, \"customLabel\": \"family\", \"missingBucketLabel\": \"Missing\", \"field\": \"coredns.stats.family\", \"otherBucketLabel\": \"Other\", \"otherBucket\": false, \"order\": \"desc\", \"size\": 5}, \"type\": \"terms\", \"enabled\": true, \"id\": \"6\", \"schema\": \"group\"}], \"title\": \"Requests by Zone [Metricbeat CoreDNS] ECS\"}"
            }, 
            "id": "86177430-728d-11e9-b0d0-414c3011ddbb", 
            "migrationVersion": {
                "visualization": "7.0.0"
            }, 
            "references": [
                {
                    "id": "metricbeat-*", 
                    "name": "kibanaSavedObjectMeta.searchSourceJSON.index", 
                    "type": "index-pattern"
                }
            ], 
            "type": "visualization", 
            "updated_at": "2019-05-10T07:46:22.258Z", 
            "version": "WzE1MzEsMV0="
        }, 
        {
            "attributes": {
                "description": "", 
                "kibanaSavedObjectMeta": {
                    "searchSourceJSON": "{\"filter\": [], \"query\": {\"query\": \"\", \"language\": \"kuery\"}, \"indexRefName\": \"kibanaSavedObjectMeta.searchSourceJSON.index\"}"
                }, 
                "title": "Requests by Type [Metricbeat CoreDNS] ECS", 
                "uiStateJSON": "{}", 
                "version": 1, 
                "visState": "{\"type\": \"line\", \"params\": {\"seriesParams\": [{\"showCircles\": true, \"show\": \"true\", \"data\": {\"id\": \"1\", \"label\": \"Requests\"}, \"mode\": \"normal\", \"drawLinesBetweenPoints\": true, \"valueAxis\": \"ValueAxis-1\", \"type\": \"line\"}], \"type\": \"line\", \"categoryAxes\": [{\"style\": {}, \"scale\": {\"type\": \"linear\"}, \"show\": true, \"title\": {}, \"labels\": {\"truncate\": 100, \"show\": true}, \"position\": \"bottom\", \"type\": \"category\", \"id\": \"CategoryAxis-1\"}], \"legendPosition\": \"right\", \"addTimeMarker\": false, \"addLegend\": true, \"grid\": {\"categoryLines\": false}, \"times\": [], \"addTooltip\": true, \"valueAxes\": [{\"style\": {}, \"scale\": {\"type\": \"linear\", \"mode\": \"normal\"}, \"name\": \"LeftAxis-1\", \"show\": true, \"title\": {\"text\": \"Requests\"}, \"labels\": {\"filter\": false, \"rotate\": 0, \"truncate\": 100, \"show\": true}, \"position\": \"left\", \"type\": \"value\", \"id\": \"ValueAxis-1\"}]}, \"aggs\": [{\"params\": {\"sortField\": \"@timestamp\", \"customLabel\": \"Requests\", \"field\": \"coredns.stats.dns.request.type.count\", \"sortOrder\": \"desc\", \"aggregate\": \"max\", \"size\": 1}, \"type\": \"top_hits\", \"enabled\": true, \"id\": \"1\", \"schema\": \"metric\"}, {\"params\": {\"orderBy\": \"_key\", \"missingBucket\": false, \"customLabel\": \"server\", \"missingBucketLabel\": \"Missing\", \"field\": \"coredns.stats.server\", \"otherBucketLabel\": \"Other\", \"otherBucket\": false, \"size\": 5, \"order\": \"desc\", \"row\": true}, \"type\": \"terms\", \"enabled\": true, \"id\": \"2\", \"schema\": \"split\"}, {\"params\": {\"timeRange\": {\"to\": \"now\", \"from\": \"now-15m\"}, \"extended_bounds\": {}, \"field\": \"@timestamp\", \"interval\": \"auto\", \"useNormalizedEsInterval\": true, \"drop_partials\": false, \"min_doc_count\": 1, \"customInterval\": \"2h\"}, \"type\": \"date_histogram\", \"enabled\": true, \"id\": \"3\", \"schema\": \"segment\"}, {\"params\": {\"orderBy\": \"_key\", \"missingBucket\": false, \"missingBucketLabel\": \"Missing\", \"field\": \"coredns.stats.zone\", \"otherBucketLabel\": \"Other\", \"otherBucket\": false, \"order\": \"desc\", \"size\": 5}, \"type\": \"terms\", \"enabled\": true, \"id\": \"4\", \"schema\": \"group\"}, {\"params\": {\"orderBy\": \"_key\", \"missingBucket\": false, \"missingBucketLabel\": \"Missing\", \"field\": \"coredns.stats.type\", \"otherBucketLabel\": \"Other\", \"otherBucket\": false, \"order\": \"desc\", \"size\": 5}, \"type\": \"terms\", \"enabled\": true, \"id\": \"5\", \"schema\": \"group\"}], \"title\": \"Requests by Type [Metricbeat CoreDNS] ECS\"}"
            }, 
            "id": "a58345f0-7298-11e9-b0d0-414c3011ddbb", 
            "migrationVersion": {
                "visualization": "7.0.0"
            }, 
            "references": [
                {
                    "id": "metricbeat-*", 
                    "name": "kibanaSavedObjectMeta.searchSourceJSON.index", 
                    "type": "index-pattern"
                }
            ], 
            "type": "visualization", 
            "updated_at": "2019-05-10T07:46:22.258Z", 
            "version": "WzE1MzIsMV0="
        }, 
        {
            "attributes": {
                "description": "", 
                "kibanaSavedObjectMeta": {
                    "searchSourceJSON": "{\"filter\": [], \"query\": {\"query\": \"\", \"language\": \"kuery\"}}"
                }, 
                "title": "Avg Request Duration (cumulative) [Metricbeat CoreDNS] ECS", 
                "uiStateJSON": "{}", 
                "version": 1, 
                "visState": "{\"type\": \"metrics\", \"params\": {\"default_index_pattern\": \"metricbeat-*\", \"index_pattern\": \"\", \"time_field\": \"@timestamp\", \"series\": [{\"line_width\": 1, \"terms_field\": \"coredns.stats.zone\", \"metrics\": [{\"order_by\": \"@timestamp\", \"order\": \"desc\", \"field\": \"coredns.stats.dns.request.duration.ns.sum\", \"agg_with\": \"max\", \"type\": \"sum\", \"id\": \"61ca57f2-469d-11e7-af02-69e470af7417\", \"size\": 1}, {\"order_by\": \"@timestamp\", \"order\": \"desc\", \"field\": \"coredns.stats.dns.request.duration.ns.count\", \"agg_with\": \"max\", \"type\": \"sum\", \"id\": \"f6c82d30-7307-11e9-aba0-4f43d70788c6\", \"size\": 1}, {\"variables\": [{\"field\": \"61ca57f2-469d-11e7-af02-69e470af7417\", \"id\": \"20eee310-7308-11e9-aba0-4f43d70788c6\", \"name\": \"sum\"}, {\"field\": \"f6c82d30-7307-11e9-aba0-4f43d70788c6\", \"id\": \"2e4139f0-7308-11e9-aba0-4f43d70788c6\", \"name\": \"count\"}], \"type\": \"calculation\", \"id\": \"1d9de350-7308-11e9-aba0-4f43d70788c6\", \"script\": \"params.sum / params.count / 1e6\"}], \"color\": \"#68BC00\", \"stacked\": \"none\", \"value_template\": \"{{value}} ms\", \"label\": \"Avg Request Duration (ms)\", \"filter\": \"\", \"split_filters\": [{\"color\": \"#68BC00\", \"filter\": \"\", \"id\": \"505e0670-7309-11e9-aba0-4f43d70788c6\", \"label\": \"\"}], \"separate_axis\": 0, \"split_mode\": \"terms\", \"chart_type\": \"line\", \"terms_order_by\": \"61ca57f2-469d-11e7-af02-69e470af7417\", \"steps\": 0, \"point_size\": 1, \"axis_position\": \"right\", \"formatter\": \"number\", \"id\": \"61ca57f1-469d-11e7-af02-69e470af7417\", \"fill\": \"0.1\"}], \"axis_formatter\": \"number\", \"interval\": \"auto\", \"id\": \"61ca57f0-469d-11e7-af02-69e470af7417\", \"show_legend\": 1, \"show_grid\": 1, \"axis_scale\": \"normal\", \"type\": \"timeseries\", \"axis_position\": \"left\"}, \"aggs\": [], \"title\": \"Avg Request Duration (cumulative) [Metricbeat CoreDNS] ECS\"}"
            }, 
            "id": "57c74300-7308-11e9-b0d0-414c3011ddbb", 
            "migrationVersion": {
                "visualization": "7.0.0"
            }, 
            "references": [], 
            "type": "visualization", 
            "updated_at": "2019-05-10T11:07:14.131Z", 
            "version": "WzE3MzQsMV0="
        }, 
        {
            "attributes": {
                "description": "", 
                "kibanaSavedObjectMeta": {
                    "searchSourceJSON": "{\"filter\": [], \"query\": {\"query\": \"\", \"language\": \"kuery\"}}"
                }, 
                "title": "Avg Request Size (cumulative) [Metricbeat CoreDNS] ECS", 
                "uiStateJSON": "{}", 
                "version": 1, 
                "visState": "{\"type\": \"metrics\", \"params\": {\"default_index_pattern\": \"metricbeat-*\", \"index_pattern\": \"\", \"time_field\": \"@timestamp\", \"series\": [{\"line_width\": 1, \"terms_field\": \"coredns.stats.zone\", \"point_size\": 1, \"color\": \"rgba(228,155,238,1)\", \"stacked\": \"none\", \"value_template\": \"{{value}} bytes\", \"label\": \"Avg Request Size (bytes)\", \"metrics\": [{\"field\": \"coredns.stats.dns.request.size.bytes.sum\", \"type\": \"sum\", \"id\": \"61ca57f2-469d-11e7-af02-69e470af7417\"}, {\"field\": \"coredns.stats.dns.request.size.bytes.count\", \"type\": \"sum\", \"id\": \"98fe65e0-7314-11e9-8e06-d9a616f1e6f2\"}, {\"variables\": [{\"field\": \"61ca57f2-469d-11e7-af02-69e470af7417\", \"id\": \"aeed53c0-7314-11e9-8e06-d9a616f1e6f2\", \"name\": \"sum\"}, {\"field\": \"98fe65e0-7314-11e9-8e06-d9a616f1e6f2\", \"id\": \"b84dd700-7314-11e9-8e06-d9a616f1e6f2\", \"name\": \"count\"}], \"type\": \"calculation\", \"id\": \"ab81ee30-7314-11e9-8e06-d9a616f1e6f2\", \"script\": \"params.sum / params.count\"}], \"split_mode\": \"terms\", \"chart_type\": \"line\", \"separate_axis\": 0, \"axis_position\": \"right\", \"formatter\": \"number\", \"id\": \"61ca57f1-469d-11e7-af02-69e470af7417\", \"fill\": \"0.1\"}], \"axis_formatter\": \"number\", \"interval\": \"auto\", \"id\": \"61ca57f0-469d-11e7-af02-69e470af7417\", \"show_legend\": 1, \"show_grid\": 1, \"axis_scale\": \"normal\", \"type\": \"timeseries\", \"axis_position\": \"left\"}, \"aggs\": [], \"title\": \"Avg Request Size (cumulative) [Metricbeat CoreDNS] ECS\"}"
            }, 
            "id": "4804eaa0-7315-11e9-b0d0-414c3011ddbb", 
            "migrationVersion": {
                "visualization": "7.0.0"
            }, 
            "references": [], 
            "type": "visualization", 
            "updated_at": "2019-05-10T11:18:05.129Z", 
            "version": "WzE3MzUsMV0="
        }
    ], 
    "version": "7.0.0"
}