{
    "objects": [
        {
            "attributes": {
                "description": "Kubernetes Controller Manager metrics", 
                "hits": 0, 
                "kibanaSavedObjectMeta": {
                    "searchSourceJSON": "{\"filter\": [{\"query\": {\"match\": {\"event.dataset\": {\"query\": \"kubernetes.controllermanager\", \"type\": \"phrase\"}}}, \"meta\": {\"indexRefName\": \"kibanaSavedObjectMeta.searchSourceJSON.filter[0].meta.index\", \"value\": \"kubernetes.controllermanager\", \"disabled\": false, \"alias\": null, \"params\": {\"query\": \"kubernetes.controllermanager\"}, \"key\": \"event.dataset\", \"negate\": false, \"type\": \"phrase\"}, \"$state\": {\"store\": \"appState\"}}], \"query\": {\"query\": \"\", \"language\": \"kuery\"}}"
                }, 
                "optionsJSON": "{\"useMargins\": true, \"hidePanelTitles\": false}", 
                "panelsJSON": "[{\"gridData\": {\"i\": \"1\", \"h\": 14, \"y\": 0, \"w\": 11, \"x\": 0}, \"panelRefName\": \"panel_0\", \"version\": \"7.1.1\", \"panelIndex\": \"1\", \"embeddableConfig\": {}}, {\"gridData\": {\"i\": \"2\", \"h\": 14, \"y\": 0, \"w\": 11, \"x\": 11}, \"panelRefName\": \"panel_1\", \"version\": \"7.1.1\", \"panelIndex\": \"2\", \"embeddableConfig\": {}}, {\"gridData\": {\"i\": \"3\", \"h\": 14, \"y\": 0, \"w\": 26, \"x\": 22}, \"panelRefName\": \"panel_2\", \"version\": \"7.1.1\", \"panelIndex\": \"3\", \"embeddableConfig\": {}}, {\"gridData\": {\"i\": \"5\", \"h\": 12, \"y\": 39, \"w\": 24, \"x\": 0}, \"panelRefName\": \"panel_3\", \"version\": \"7.1.1\", \"panelIndex\": \"5\", \"embeddableConfig\": {}}, {\"gridData\": {\"i\": \"6\", \"h\": 12, \"y\": 39, \"w\": 24, \"x\": 24}, \"panelRefName\": \"panel_4\", \"version\": \"7.1.1\", \"panelIndex\": \"6\", \"embeddableConfig\": {}}, {\"gridData\": {\"i\": \"7\", \"h\": 13, \"y\": 14, \"w\": 24, \"x\": 24}, \"panelRefName\": \"panel_5\", \"version\": \"7.1.1\", \"panelIndex\": \"7\", \"embeddableConfig\": {}}, {\"gridData\": {\"i\": \"8\", \"h\": 12, \"y\": 27, \"w\": 24, \"x\": 0}, \"panelRefName\": \"panel_6\", \"version\": \"7.1.1\", \"panelIndex\": \"8\", \"embeddableConfig\": {}}, {\"gridData\": {\"i\": \"9\", \"h\": 12, \"y\": 27, \"w\": 24, \"x\": 24}, \"panelRefName\": \"panel_7\", \"version\": \"7.1.1\", \"panelIndex\": \"9\", \"embeddableConfig\": {}}, {\"gridData\": {\"i\": \"10\", \"h\": 13, \"y\": 14, \"w\": 24, \"x\": 0}, \"panelRefName\": \"panel_8\", \"version\": \"7.2.0\", \"panelIndex\": \"10\", \"embeddableConfig\": {}}]", 
                "timeRestore": false, 
                "title": "[Metricbeat Kubernetes] Controller Manager", 
                "version": 1
            }, 
            "id": "97312060-9c1b-11e9-9dc8-fd27291d427f", 
            "migrationVersion": {
                "dashboard": "7.0.0"
            }, 
            "references": [
                {
                    "id": "metricbeat-*", 
                    "name": "kibanaSavedObjectMeta.searchSourceJSON.filter[0].meta.index", 
                    "type": "index-pattern"
                }, 
                {
                    "id": "bcb194a0-9bf8-11e9-9dc8-fd27291d427f", 
                    "name": "panel_0", 
                    "type": "visualization"
                }, 
                {
                    "id": "3dbf6230-9c20-11e9-9dc8-fd27291d427f", 
                    "name": "panel_1", 
                    "type": "visualization"
                }, 
                {
                    "id": "d86b2da0-9c20-11e9-9dc8-fd27291d427f", 
                    "name": "panel_2", 
                    "type": "visualization"
                }, 
                {
                    "id": "0ca95350-9c24-11e9-9dc8-fd27291d427f", 
                    "name": "panel_3", 
                    "type": "visualization"
                }, 
                {
                    "id": "3e1e1fd0-9c27-11e9-9dc8-fd27291d427f", 
                    "name": "panel_4", 
                    "type": "visualization"
                }, 
                {
                    "id": "2ba628e0-9c2a-11e9-9dc8-fd27291d427f", 
                    "name": "panel_5", 
                    "type": "visualization"
                }, 
                {
                    "id": "8a95de50-9c38-11e9-9dc8-fd27291d427f", 
                    "name": "panel_6", 
                    "type": "visualization"
                }, 
                {
                    "id": "485c8550-9c3a-11e9-9dc8-fd27291d427f", 
                    "name": "panel_7", 
                    "type": "visualization"
                }, 
                {
                    "id": "7d80f790-9d96-11e9-b2ae-49acc4cbcea9", 
                    "name": "panel_8", 
                    "type": "visualization"
                }
            ], 
            "type": "dashboard", 
            "updated_at": "2019-07-03T16:33:10.995Z", 
            "version": "WzI5OSwyXQ=="
        }, 
        {
            "attributes": {
                "description": "", 
                "kibanaSavedObjectMeta": {
                    "searchSourceJSON": "{\"filter\": [], \"query\": {\"query\": \"\", \"language\": \"kuery\"}}"
                }, 
                "title": "Host selector [Metricbeat Kubernetes]", 
                "uiStateJSON": "{}", 
                "version": 1, 
                "visState": "{\"type\": \"input_control_vis\", \"params\": {\"pinFilters\": false, \"useTimeFilter\": false, \"updateFiltersOnChange\": false, \"controls\": [{\"parent\": \"\", \"indexPatternRefName\": \"control_0_index_pattern\", \"label\": \"Hostname\", \"fieldName\": \"host.hostname\", \"id\": \"1561982488150\", \"type\": \"list\", \"options\": {\"type\": \"terms\", \"size\": 5, \"multiselect\": true, \"dynamicOptions\": true, \"order\": \"desc\"}}, {\"parent\": \"\", \"indexPatternRefName\": \"control_1_index_pattern\", \"label\": \"Service address\", \"fieldName\": \"service.address\", \"id\": \"1561982723711\", \"type\": \"list\", \"options\": {\"type\": \"terms\", \"size\": 5, \"multiselect\": false, \"dynamicOptions\": true, \"order\": \"desc\"}}]}, \"aggs\": [], \"title\": \"Host selector [Metricbeat Kubernetes]\"}"
            }, 
            "id": "bcb194a0-9bf8-11e9-9dc8-fd27291d427f", 
            "migrationVersion": {
                "visualization": "7.2.0"
            }, 
            "references": [
                {
                    "id": "metricbeat-*", 
                    "name": "control_0_index_pattern", 
                    "type": "index-pattern"
                }, 
                {
                    "id": "metricbeat-*", 
                    "name": "control_1_index_pattern", 
                    "type": "index-pattern"
                }
            ], 
            "type": "visualization", 
            "updated_at": "2019-07-03T07:20:34.226Z", 
            "version": "WzEzMywxXQ=="
        }, 
        {
            "attributes": {
                "description": "", 
                "kibanaSavedObjectMeta": {
                    "searchSourceJSON": "{\"filter\": [], \"query\": {\"query\": \"\", \"language\": \"kuery\"}}"
                }, 
                "title": "Controller Process [Metricbeat Kubernetes]", 
                "uiStateJSON": "{}", 
                "version": 1, 
                "visState": "{\"type\": \"metrics\", \"params\": {\"default_index_pattern\": \"metricbeat-*\", \"markdown\": \"|  |   |\\n|---|---|\\n|**Days running**|{{ math.started.last.raw }}|\\n|**File descriptors open**|{{ average_of_kubernetes_controllermanager_process_fds_open_count.fds.last.raw }}|\\n|**Resident Memory**|{{ average_of_kubernetes_controllermanager_process_memory_resident_bytes.resident_memory.last.formatted }}|\\n|**Virtual Memory**|{{ average_of_kubernetes_controllermanager_process_memory_virtual_bytes.virtual_memory.last.formatted }}|\\n\", \"index_pattern\": \"\", \"default_timefield\": \"@timestamp\", \"series\": [{\"line_width\": 1, \"point_size\": 1, \"color\": \"#68BC00\", \"stacked\": \"none\", \"metrics\": [{\"field\": \"kubernetes.controllermanager.process.started.sec\", \"type\": \"max\", \"id\": \"61ca57f2-469d-11e7-af02-69e470af7417\"}, {\"variables\": [{\"field\": \"61ca57f2-469d-11e7-af02-69e470af7417\", \"id\": \"ef30a230-9c1c-11e9-b29f-d55be9348723\", \"name\": \"started\"}], \"type\": \"math\", \"id\": \"ebfdb1c0-9c1c-11e9-b29f-d55be9348723\", \"script\": \"round( (params._timestamp /1000 - params.started) / 86400, 2)\"}], \"var_name\": \"started\", \"split_mode\": \"everything\", \"chart_type\": \"line\", \"separate_axis\": 0, \"axis_position\": \"right\", \"formatter\": \"number\", \"id\": \"61ca57f1-469d-11e7-af02-69e470af7417\", \"fill\": 0.5}, {\"line_width\": 1, \"point_size\": 1, \"color\": \"#68BC00\", \"stacked\": \"none\", \"label\": \"\", \"metrics\": [{\"field\": \"kubernetes.controllermanager.process.fds.open.count\", \"type\": \"avg\", \"id\": \"1212ba81-9c1e-11e9-b29f-d55be9348723\"}], \"var_name\": \"fds\", \"split_mode\": \"everything\", \"chart_type\": \"line\", \"separate_axis\": 0, \"axis_position\": \"right\", \"formatter\": \"number\", \"id\": \"1212ba80-9c1e-11e9-b29f-d55be9348723\", \"fill\": 0.5}, {\"line_width\": 1, \"point_size\": 1, \"color\": \"#68BC00\", \"stacked\": \"none\", \"label\": \"\", \"metrics\": [{\"field\": \"kubernetes.controllermanager.process.memory.resident.bytes\", \"type\": \"avg\", \"id\": \"3f3b17a1-9c1e-11e9-b29f-d55be9348723\"}], \"var_name\": \"resident_memory\", \"split_mode\": \"everything\", \"chart_type\": \"line\", \"separate_axis\": 0, \"axis_position\": \"right\", \"formatter\": \"bytes\", \"id\": \"3f3b17a0-9c1e-11e9-b29f-d55be9348723\", \"fill\": 0.5}, {\"line_width\": 1, \"point_size\": 1, \"color\": \"#68BC00\", \"stacked\": \"none\", \"metrics\": [{\"field\": \"kubernetes.controllermanager.process.memory.virtual.bytes\", \"type\": \"avg\", \"id\": \"b1a01b51-9c1f-11e9-b29f-d55be9348723\"}], \"var_name\": \"virtual_memory\", \"split_mode\": \"everything\", \"chart_type\": \"line\", \"separate_axis\": 0, \"axis_position\": \"right\", \"formatter\": \"bytes\", \"id\": \"b1a01b50-9c1f-11e9-b29f-d55be9348723\", \"fill\": 0.5}], \"axis_formatter\": \"number\", \"interval\": \"30s\", \"markdown_less\": \"\\ntable, tr, td, th {\\n    border: none;\\n}\\n\\n\", \"id\": \"61ca57f0-469d-11e7-af02-69e470af7417\", \"time_field\": \"@timestamp\", \"show_legend\": 1, \"markdown_css\": \"#markdown-61ca57f0-469d-11e7-af02-69e470af7417 table,#markdown-61ca57f0-469d-11e7-af02-69e470af7417 tr,#markdown-61ca57f0-469d-11e7-af02-69e470af7417 td,#markdown-61ca57f0-469d-11e7-af02-69e470af7417 th{border:none}\", \"axis_scale\": \"normal\", \"type\": \"markdown\", \"axis_position\": \"left\", \"show_grid\": 1, \"drop_last_bucket\": 1}, \"aggs\": [], \"title\": \"Controller Process [Metricbeat Kubernetes]\"}"
            }, 
            "id": "3dbf6230-9c20-11e9-9dc8-fd27291d427f", 
            "migrationVersion": {
                "visualization": "7.2.0"
            }, 
            "references": [], 
            "type": "visualization", 
            "updated_at": "2019-07-03T14:46:23.136Z", 
            "version": "WzI5MSwyXQ=="
        }, 
        {
            "attributes": {
                "description": "", 
                "kibanaSavedObjectMeta": {
                    "searchSourceJSON": "{\"filter\": [], \"query\": {\"query\": \"\", \"language\": \"kuery\"}}"
                }, 
                "title": "Controller HTTP request duration [Metricbeat Kubernetes]", 
                "uiStateJSON": "{}", 
                "version": 1, 
                "visState": "{\"type\": \"metrics\", \"params\": {\"default_index_pattern\": \"metricbeat-*\", \"index_pattern\": \"\", \"time_field\": \"@timestamp\", \"series\": [{\"line_width\": 1, \"point_size\": 1, \"color\": \"rgba(165,228,85,1)\", \"stacked\": \"none\", \"label\": \"P99\", \"metrics\": [{\"field\": \"kubernetes.controllermanager.http.request.duration.us.percentile.99\", \"type\": \"avg\", \"id\": \"61ca57f2-469d-11e7-af02-69e470af7417\"}], \"split_mode\": \"everything\", \"chart_type\": \"line\", \"separate_axis\": 0, \"axis_position\": \"right\", \"formatter\": \"us,ms,2\", \"id\": \"61ca57f1-469d-11e7-af02-69e470af7417\", \"fill\": 0.5}, {\"line_width\": 1, \"point_size\": 1, \"color\": \"#68BC00\", \"stacked\": \"none\", \"label\": \"P90\", \"metrics\": [{\"field\": \"kubernetes.controllermanager.http.request.duration.us.percentile.90\", \"type\": \"avg\", \"id\": \"24fb4961-9c22-11e9-b29f-d55be9348723\"}], \"split_mode\": \"everything\", \"chart_type\": \"line\", \"separate_axis\": 0, \"axis_position\": \"right\", \"formatter\": \"us,ms,2\", \"id\": \"24fb4960-9c22-11e9-b29f-d55be9348723\", \"fill\": 0.5}, {\"line_width\": 1, \"point_size\": 1, \"color\": \"rgba(65,117,0,1)\", \"stacked\": \"none\", \"label\": \"P50\", \"metrics\": [{\"field\": \"kubernetes.controllermanager.http.request.duration.us.percentile.50\", \"type\": \"avg\", \"id\": \"2e397791-9c22-11e9-b29f-d55be9348723\"}], \"split_mode\": \"everything\", \"chart_type\": \"line\", \"separate_axis\": 0, \"axis_position\": \"right\", \"formatter\": \"us,ms,2\", \"id\": \"2e397790-9c22-11e9-b29f-d55be9348723\", \"fill\": 0.5}], \"axis_formatter\": \"number\", \"interval\": \"auto\", \"id\": \"61ca57f0-469d-11e7-af02-69e470af7417\", \"show_legend\": 1, \"show_grid\": 1, \"axis_scale\": \"normal\", \"type\": \"timeseries\", \"axis_position\": \"left\"}, \"aggs\": [], \"title\": \"Controller HTTP request duration [Metricbeat Kubernetes]\"}"
            }, 
            "id": "d86b2da0-9c20-11e9-9dc8-fd27291d427f", 
            "migrationVersion": {
                "visualization": "7.2.0"
            }, 
            "references": [], 
            "type": "visualization", 
            "updated_at": "2019-07-03T13:31:57.207Z", 
            "version": "WzI2MywyXQ=="
        }, 
        {
            "attributes": {
                "description": "", 
                "kibanaSavedObjectMeta": {
                    "searchSourceJSON": "{\"filter\": [], \"query\": {\"query\": \"\", \"language\": \"kuery\"}}"
                }, 
                "title": "Controller Longest running processor [Metricbeat Kubernetes]", 
                "uiStateJSON": "{}", 
                "version": 1, 
                "visState": "{\"type\": \"metrics\", \"params\": {\"default_index_pattern\": \"metricbeat-*\", \"index_pattern\": \"\", \"default_timefield\": \"@timestamp\", \"series\": [{\"line_width\": 1, \"terms_field\": \"kubernetes.controllermanager.name\", \"point_size\": 1, \"terms_size\": \"5\", \"color\": \"#68BC00\", \"stacked\": \"none\", \"label\": \"\", \"metrics\": [{\"field\": \"kubernetes.controllermanager.workqueue.longestrunning.sec\", \"type\": \"avg\", \"id\": \"61ca57f2-469d-11e7-af02-69e470af7417\"}], \"terms_direction\": \"desc\", \"split_mode\": \"terms\", \"chart_type\": \"line\", \"terms_order_by\": \"61ca57f2-469d-11e7-af02-69e470af7417\", \"separate_axis\": 0, \"axis_position\": \"right\", \"formatter\": \"number\", \"id\": \"61ca57f1-469d-11e7-af02-69e470af7417\", \"split_color_mode\": \"rainbow\", \"fill\": 0.5}], \"axis_formatter\": \"number\", \"interval\": \"auto\", \"show_legend\": 1, \"id\": \"61ca57f0-469d-11e7-af02-69e470af7417\", \"time_field\": \"@timestamp\", \"axis_min\": \"0\", \"show_grid\": 1, \"axis_scale\": \"normal\", \"type\": \"timeseries\", \"axis_position\": \"left\"}, \"aggs\": [], \"title\": \"Controller Longest running processor [Metricbeat Kubernetes]\"}"
            }, 
            "id": "0ca95350-9c24-11e9-9dc8-fd27291d427f", 
            "migrationVersion": {
                "visualization": "7.2.0"
            }, 
            "references": [], 
            "type": "visualization", 
            "updated_at": "2019-07-03T16:31:08.744Z", 
            "version": "WzI5OCwyXQ=="
        }, 
        {
            "attributes": {
                "description": "", 
                "kibanaSavedObjectMeta": {
                    "searchSourceJSON": "{\"filter\": [], \"query\": {\"query\": \"\", \"language\": \"kuery\"}}"
                }, 
                "title": "Controller Unfinished jobs sec [Metricbeat Kubernetes]", 
                "uiStateJSON": "{}", 
                "version": 1, 
                "visState": "{\"type\": \"metrics\", \"params\": {\"default_index_pattern\": \"metricbeat-*\", \"index_pattern\": \"\", \"default_timefield\": \"@timestamp\", \"series\": [{\"line_width\": 1, \"terms_field\": \"kubernetes.controllermanager.name\", \"point_size\": 1, \"terms_size\": \"5\", \"color\": \"#68BC00\", \"stacked\": \"none\", \"metrics\": [{\"field\": \"kubernetes.controllermanager.workqueue.unfinished.sec\", \"type\": \"avg\", \"id\": \"61ca57f2-469d-11e7-af02-69e470af7417\"}], \"split_mode\": \"terms\", \"chart_type\": \"line\", \"terms_order_by\": \"61ca57f2-469d-11e7-af02-69e470af7417\", \"separate_axis\": 0, \"axis_position\": \"right\", \"formatter\": \"number\", \"id\": \"61ca57f1-469d-11e7-af02-69e470af7417\", \"split_color_mode\": \"rainbow\", \"fill\": 0.5}], \"axis_formatter\": \"number\", \"interval\": \"auto\", \"show_legend\": 1, \"id\": \"61ca57f0-469d-11e7-af02-69e470af7417\", \"time_field\": \"@timestamp\", \"axis_min\": \"0\", \"show_grid\": 1, \"axis_scale\": \"normal\", \"type\": \"timeseries\", \"axis_position\": \"left\"}, \"aggs\": [], \"title\": \"Controller Unfinished jobs sec [Metricbeat Kubernetes]\"}"
            }, 
            "id": "3e1e1fd0-9c27-11e9-9dc8-fd27291d427f", 
            "migrationVersion": {
                "visualization": "7.2.0"
            }, 
            "references": [], 
            "type": "visualization", 
            "updated_at": "2019-07-03T16:30:46.554Z", 
            "version": "WzI5NywyXQ=="
        }, 
        {
            "attributes": {
                "description": "", 
                "kibanaSavedObjectMeta": {
                    "searchSourceJSON": "{\"filter\": [], \"query\": {\"query\": \"\", \"language\": \"kuery\"}}"
                }, 
                "title": "Controller Memory [Metricbeat Kubernetes]", 
                "uiStateJSON": "{}", 
                "version": 1, 
                "visState": "{\"type\": \"metrics\", \"params\": {\"default_index_pattern\": \"metricbeat-*\", \"index_pattern\": \"\", \"default_timefield\": \"@timestamp\", \"series\": [{\"line_width\": 1, \"point_size\": 1, \"color\": \"rgba(251,158,0,1)\", \"stacked\": \"none\", \"label\": \"Resident\", \"metrics\": [{\"field\": \"kubernetes.controllermanager.process.memory.resident.bytes\", \"type\": \"avg\", \"id\": \"61ca57f2-469d-11e7-af02-69e470af7417\"}], \"split_mode\": \"everything\", \"chart_type\": \"line\", \"separate_axis\": 0, \"axis_position\": \"right\", \"formatter\": \"bytes\", \"id\": \"61ca57f1-469d-11e7-af02-69e470af7417\", \"fill\": 0.5}, {\"line_width\": 1, \"point_size\": 1, \"color\": \"rgba(164,221,0,1)\", \"stacked\": \"none\", \"label\": \"Virtual\", \"metrics\": [{\"field\": \"kubernetes.controllermanager.process.memory.virtual.bytes\", \"type\": \"avg\", \"id\": \"ac896b31-9c29-11e9-92c1-f7d03186c592\"}], \"split_mode\": \"everything\", \"chart_type\": \"line\", \"separate_axis\": 0, \"axis_position\": \"right\", \"formatter\": \"bytes\", \"id\": \"ac896b30-9c29-11e9-92c1-f7d03186c592\", \"fill\": 0.5}], \"axis_formatter\": \"number\", \"interval\": \"auto\", \"id\": \"61ca57f0-469d-11e7-af02-69e470af7417\", \"time_field\": \"@timestamp\", \"show_legend\": 1, \"show_grid\": 1, \"axis_scale\": \"normal\", \"type\": \"timeseries\", \"axis_position\": \"left\"}, \"aggs\": [], \"title\": \"Controller Memory [Metricset Kubernetes]\"}"
            }, 
            "id": "2ba628e0-9c2a-11e9-9dc8-fd27291d427f", 
            "migrationVersion": {
                "visualization": "7.2.0"
            }, 
            "references": [], 
            "type": "visualization", 
            "updated_at": "2019-07-03T14:04:36.575Z", 
            "version": "WzI3NSwyXQ=="
        }, 
        {
            "attributes": {
                "description": "", 
                "kibanaSavedObjectMeta": {
                    "searchSourceJSON": "{\"filter\": [], \"query\": {\"query\": \"\", \"language\": \"kuery\"}}"
                }, 
                "title": "Controller Workqueue adds [Metricbeat Kubernetes]", 
                "uiStateJSON": "{}", 
                "version": 1, 
                "visState": "{\"type\": \"metrics\", \"params\": {\"default_index_pattern\": \"metricbeat-*\", \"index_pattern\": \"\", \"default_timefield\": \"@timestamp\", \"series\": [{\"line_width\": 1, \"terms_field\": \"kubernetes.controllermanager.name\", \"point_size\": 1, \"terms_size\": \"5\", \"color\": \"#68BC00\", \"stacked\": \"none\", \"metrics\": [{\"field\": \"kubernetes.controllermanager.workqueue.adds.count\", \"type\": \"avg\", \"id\": \"61ca57f2-469d-11e7-af02-69e470af7417\"}, {\"field\": \"61ca57f2-469d-11e7-af02-69e470af7417\", \"type\": \"derivative\", \"id\": \"9b5d85d0-9c38-11e9-92c1-f7d03186c592\", \"unit\": \"\"}], \"split_mode\": \"terms\", \"chart_type\": \"line\", \"terms_order_by\": \"61ca57f2-469d-11e7-af02-69e470af7417\", \"separate_axis\": 0, \"axis_position\": \"right\", \"formatter\": \"number\", \"id\": \"61ca57f1-469d-11e7-af02-69e470af7417\", \"split_color_mode\": \"rainbow\", \"fill\": 0.5}], \"axis_formatter\": \"number\", \"interval\": \"auto\", \"id\": \"61ca57f0-469d-11e7-af02-69e470af7417\", \"time_field\": \"@timestamp\", \"show_legend\": 1, \"show_grid\": 1, \"axis_scale\": \"normal\", \"type\": \"timeseries\", \"axis_position\": \"left\"}, \"aggs\": [], \"title\": \"Controller Workqueue adds [Metricbeat Kubernetes]\"}"
            }, 
            "id": "8a95de50-9c38-11e9-9dc8-fd27291d427f", 
            "migrationVersion": {
                "visualization": "7.2.0"
            }, 
            "references": [], 
            "type": "visualization", 
            "updated_at": "2019-07-03T16:30:20.439Z", 
            "version": "WzI5NiwyXQ=="
        }, 
        {
            "attributes": {
                "description": "", 
                "kibanaSavedObjectMeta": {
                    "searchSourceJSON": "{\"filter\": [], \"query\": {\"query\": \"\", \"language\": \"kuery\"}}"
                }, 
                "title": "Controller Workqueue retries [Metricbeat Kubernetes]", 
                "uiStateJSON": "{}", 
                "version": 1, 
                "visState": "{\"type\": \"metrics\", \"params\": {\"default_index_pattern\": \"metricbeat-*\", \"index_pattern\": \"\", \"default_timefield\": \"@timestamp\", \"series\": [{\"line_width\": 1, \"terms_field\": \"kubernetes.controllermanager.name\", \"point_size\": 1, \"terms_size\": \"5\", \"color\": \"#68BC00\", \"stacked\": \"none\", \"label\": \"\", \"metrics\": [{\"field\": \"kubernetes.controllermanager.workqueue.retries.count\", \"type\": \"avg\", \"id\": \"61ca57f2-469d-11e7-af02-69e470af7417\"}, {\"field\": \"61ca57f2-469d-11e7-af02-69e470af7417\", \"type\": \"derivative\", \"id\": \"b3107560-9c39-11e9-92c1-f7d03186c592\", \"unit\": \"\"}], \"terms_direction\": \"desc\", \"split_mode\": \"terms\", \"chart_type\": \"line\", \"terms_order_by\": \"61ca57f2-469d-11e7-af02-69e470af7417\", \"separate_axis\": 0, \"axis_position\": \"right\", \"formatter\": \"number\", \"id\": \"61ca57f1-469d-11e7-af02-69e470af7417\", \"split_color_mode\": \"rainbow\", \"fill\": 0.5}], \"axis_formatter\": \"number\", \"interval\": \"auto\", \"show_legend\": 1, \"id\": \"61ca57f0-469d-11e7-af02-69e470af7417\", \"time_field\": \"@timestamp\", \"axis_min\": \"0\", \"show_grid\": 1, \"axis_scale\": \"normal\", \"type\": \"timeseries\", \"axis_position\": \"left\"}, \"aggs\": [], \"title\": \"Controller Workqueue retries [Metricbeat Kubernetes]\"}"
            }, 
            "id": "485c8550-9c3a-11e9-9dc8-fd27291d427f", 
            "migrationVersion": {
                "visualization": "7.2.0"
            }, 
            "references": [], 
            "type": "visualization", 
            "updated_at": "2019-07-03T16:29:29.303Z", 
            "version": "WzI5NSwyXQ=="
        }, 
        {
            "attributes": {
                "description": "", 
                "kibanaSavedObjectMeta": {
                    "searchSourceJSON": "{\"filter\": [], \"query\": {\"query\": \"\", \"language\": \"kuery\"}}"
                }, 
                "title": "Controller CPU [Metricbeat Kubernetes]", 
                "uiStateJSON": "{}", 
                "version": 1, 
                "visState": "{\"type\": \"metrics\", \"params\": {\"default_index_pattern\": \"metricbeat-*\", \"index_pattern\": \"\", \"default_timefield\": \"@timestamp\", \"series\": [{\"line_width\": 1, \"point_size\": 1, \"color\": \"#68BC00\", \"stacked\": \"none\", \"value_template\": \"{{value}} s\", \"label\": \"CPU time\", \"metrics\": [{\"field\": \"kubernetes.controllermanager.process.cpu.sec\", \"type\": \"avg\", \"id\": \"61ca57f2-469d-11e7-af02-69e470af7417\"}, {\"field\": \"61ca57f2-469d-11e7-af02-69e470af7417\", \"type\": \"derivative\", \"id\": \"47731390-9d96-11e9-9e81-115d18bcfeaa\", \"unit\": \"\"}], \"split_mode\": \"everything\", \"chart_type\": \"line\", \"separate_axis\": 0, \"axis_position\": \"right\", \"formatter\": \"number\", \"id\": \"61ca57f1-469d-11e7-af02-69e470af7417\", \"fill\": 0.5}], \"axis_formatter\": \"number\", \"interval\": \"\", \"show_legend\": 1, \"id\": \"61ca57f0-469d-11e7-af02-69e470af7417\", \"time_field\": \"\", \"axis_min\": \"0\", \"show_grid\": 1, \"axis_scale\": \"normal\", \"type\": \"timeseries\", \"axis_position\": \"left\"}, \"aggs\": [], \"title\": \"Controller CPU [Metricbeat Kubernetes]\"}"
            }, 
            "id": "7d80f790-9d96-11e9-b2ae-49acc4cbcea9", 
            "migrationVersion": {
                "visualization": "7.2.0"
            }, 
            "references": [], 
            "type": "visualization", 
            "updated_at": "2019-07-03T14:12:01.291Z", 
            "version": "WzI3OCwyXQ=="
        }
    ], 
    "version": "7.2.0"
}