{
    "objects": [
        {
            "attributes": {
                "description": "This Ceph dashboard that shows the most important cluster metrics.", 
                "hits": 0, 
                "kibanaSavedObjectMeta": {
                    "searchSourceJSON": "{\"filter\": [], \"query\": {\"query\": \"\", \"language\": \"kuery\"}}"
                }, 
                "optionsJSON": "{\"useMargins\": true, \"hidePanelTitles\": false}", 
                "panelsJSON": "[{\"gridData\": {\"i\": \"1\", \"h\": 12, \"y\": 0, \"w\": 18, \"x\": 30}, \"title\": \"Cluster Disk Stats\", \"embeddableConfig\": {}, \"version\": \"7.3.0\", \"panelRefName\": \"panel_0\", \"panelIndex\": \"1\"}, {\"gridData\": {\"i\": \"2\", \"h\": 13, \"y\": 12, \"w\": 24, \"x\": 24}, \"title\": \"Throughput\", \"embeddableConfig\": {}, \"version\": \"7.3.0\", \"panelRefName\": \"panel_1\", \"panelIndex\": \"2\"}, {\"gridData\": {\"i\": \"3\", \"h\": 13, \"y\": 12, \"w\": 24, \"x\": 0}, \"title\": \"IOPS\", \"embeddableConfig\": {}, \"version\": \"7.3.0\", \"panelRefName\": \"panel_2\", \"panelIndex\": \"3\"}, {\"gridData\": {\"i\": \"4\", \"h\": 12, \"y\": 0, \"w\": 6, \"x\": 24}, \"title\": \"OSD Disk Usage\", \"embeddableConfig\": {}, \"version\": \"7.3.0\", \"panelRefName\": \"panel_3\", \"panelIndex\": \"4\"}, {\"gridData\": {\"i\": \"5\", \"h\": 12, \"y\": 0, \"w\": 5, \"x\": 0}, \"title\": \"Pools\", \"embeddableConfig\": {}, \"version\": \"7.3.0\", \"panelRefName\": \"panel_4\", \"panelIndex\": \"5\"}, {\"gridData\": {\"i\": \"6\", \"h\": 12, \"y\": 0, \"w\": 19, \"x\": 5}, \"title\": \"Pool Objects\", \"embeddableConfig\": {}, \"version\": \"7.3.0\", \"panelRefName\": \"panel_5\", \"panelIndex\": \"6\"}]", 
                "timeRestore": false, 
                "title": "[Metricbeat Ceph] Cluster Overview", 
                "version": 1
            }, 
            "id": "c93f2c30-b473-11e9-a579-f5c0a5d81340", 
            "migrationVersion": {
                "dashboard": "7.3.0"
            }, 
            "references": [
                {
                    "id": "054a0900-b467-11e9-a579-f5c0a5d81340", 
                    "name": "panel_0", 
                    "type": "visualization"
                }, 
                {
                    "id": "88d48440-b46b-11e9-a579-f5c0a5d81340", 
                    "name": "panel_1", 
                    "type": "visualization"
                }, 
                {
                    "id": "346d00d0-b46b-11e9-a579-f5c0a5d81340", 
                    "name": "panel_2", 
                    "type": "visualization"
                }, 
                {
                    "id": "13efa190-b46c-11e9-a579-f5c0a5d81340", 
                    "name": "panel_3", 
                    "type": "visualization"
                }, 
                {
                    "id": "393df790-b470-11e9-a579-f5c0a5d81340", 
                    "name": "panel_4", 
                    "type": "visualization"
                }, 
                {
                    "id": "aa9c2f10-b470-11e9-a579-f5c0a5d81340", 
                    "name": "panel_5", 
                    "type": "visualization"
                }
            ], 
            "type": "dashboard", 
            "updated_at": "2019-08-19T15:00:55.571Z", 
            "version": "WzE1NzEsMV0="
        }, 
        {
            "attributes": {
                "description": "", 
                "kibanaSavedObjectMeta": {
                    "searchSourceJSON": "{\"filter\": [], \"query\": {\"query\": \"\", \"language\": \"kuery\"}}"
                }, 
                "title": "Cluster Disk Stats [Metricbeat Ceph] ECS", 
                "uiStateJSON": "{}", 
                "version": 1, 
                "visState": "{\"type\": \"metrics\", \"params\": {\"bar_color_rules\": [{\"id\": \"bd70f9c0-b472-11e9-ba7f-f52449624592\"}], \"default_index_pattern\": \"metricbeat-*\", \"index_pattern\": \"metricbeat-*\", \"default_timefield\": \"@timestamp\", \"series\": [{\"line_width\": \"1\", \"metrics\": [{\"field\": \"ceph.cluster_disk.total.bytes\", \"type\": \"max\", \"id\": \"7b71f302-b466-11e9-841e-0ddf9a697c96\"}], \"color\": \"rgba(159,5,0,1)\", \"stacked\": \"none\", \"value_template\": \"{{value}}\", \"label\": \"total\", \"hide_in_legend\": 0, \"separate_axis\": 0, \"split_mode\": \"everything\", \"chart_type\": \"line\", \"point_size\": 0, \"axis_position\": \"right\", \"formatter\": \"bytes\", \"id\": \"7b71f301-b466-11e9-841e-0ddf9a697c96\", \"fill\": \"0\"}, {\"line_width\": \"1\", \"point_size\": 0, \"color\": \"rgba(104,188,0,1)\", \"stacked\": \"none\", \"value_template\": \"{{value}}\", \"label\": \"available\", \"metrics\": [{\"field\": \"ceph.cluster_disk.available.bytes\", \"type\": \"max\", \"id\": \"7b71f304-b466-11e9-841e-0ddf9a697c96\"}], \"split_mode\": \"everything\", \"chart_type\": \"line\", \"separate_axis\": 0, \"axis_position\": \"right\", \"formatter\": \"bytes\", \"id\": \"7b71f303-b466-11e9-841e-0ddf9a697c96\", \"fill\": \"0.2\"}, {\"line_width\": 1, \"point_size\": \"0\", \"color\": \"rgba(252,196,0,1)\", \"stacked\": \"none\", \"label\": \"used\", \"metrics\": [{\"field\": \"ceph.cluster_disk.used.bytes\", \"type\": \"max\", \"id\": \"64f99361-b472-11e9-ba7f-f52449624592\"}], \"split_mode\": \"everything\", \"chart_type\": \"line\", \"separate_axis\": 0, \"axis_position\": \"right\", \"formatter\": \"bytes\", \"id\": \"64f99360-b472-11e9-ba7f-f52449624592\", \"fill\": 0.5}], \"axis_formatter\": \"number\", \"interval\": \"auto\", \"id\": \"7b71f300-b466-11e9-841e-0ddf9a697c96\", \"filter\": {\"query\": \"\", \"language\": \"kuery\"}, \"time_field\": \"@timestamp\", \"show_legend\": 1, \"show_grid\": 1, \"axis_scale\": \"normal\", \"type\": \"timeseries\", \"axis_position\": \"left\"}, \"aggs\": [], \"title\": \"Cluster Disk Stats [Metricbeat Ceph] ECS\"}"
            }, 
            "id": "054a0900-b467-11e9-a579-f5c0a5d81340", 
            "migrationVersion": {
                "visualization": "7.3.0"
            }, 
            "references": [], 
            "type": "visualization", 
            "updated_at": "2019-08-02T10:56:16.795Z", 
            "version": "WzYwMCwxXQ=="
        }, 
        {
            "attributes": {
                "description": "", 
                "kibanaSavedObjectMeta": {
                    "searchSourceJSON": "{\"filter\": [], \"query\": {\"query\": \"\", \"language\": \"kuery\"}}"
                }, 
                "title": "Throughput [Metricbeat Ceph] ECS", 
                "uiStateJSON": "{}", 
                "version": 1, 
                "visState": "{\"type\": \"metrics\", \"params\": {\"default_index_pattern\": \"metricbeat-*\", \"index_pattern\": \"metricbeat-*\", \"default_timefield\": \"@timestamp\", \"series\": [{\"line_width\": 2, \"point_size\": 0, \"color\": \"rgba(104,204,202,1)\", \"stacked\": \"none\", \"value_template\": \"{{value}}\", \"label\": \"read\", \"metrics\": [{\"field\": \"ceph.cluster_status.traffic.read_bytes\", \"type\": \"max\", \"id\": \"57f11af1-b46b-11e9-88d3-b1e3cace09ae\"}], \"split_mode\": \"everything\", \"chart_type\": \"line\", \"separate_axis\": 0, \"axis_position\": \"right\", \"formatter\": \"number\", \"id\": \"57f11af0-b46b-11e9-88d3-b1e3cace09ae\", \"fill\": 0}, {\"line_width\": 2, \"point_size\": 0, \"color\": \"rgba(176,188,0,1)\", \"stacked\": \"none\", \"value_template\": \"{{value}}\", \"label\": \"write\", \"metrics\": [{\"field\": \"ceph.cluster_status.traffic.write_bytes\", \"type\": \"max\", \"id\": \"57f11af3-b46b-11e9-88d3-b1e3cace09ae\"}], \"split_mode\": \"everything\", \"chart_type\": \"line\", \"separate_axis\": 0, \"axis_position\": \"right\", \"formatter\": \"number\", \"id\": \"57f11af2-b46b-11e9-88d3-b1e3cace09ae\", \"fill\": 0}], \"axis_formatter\": \"number\", \"interval\": \"auto\", \"id\": \"57f0f3e0-b46b-11e9-88d3-b1e3cace09ae\", \"filter\": {\"query\": \"\", \"language\": \"kuery\"}, \"time_field\": \"@timestamp\", \"show_legend\": 1, \"show_grid\": 1, \"axis_scale\": \"normal\", \"type\": \"timeseries\", \"axis_position\": \"left\"}, \"aggs\": [], \"title\": \"Throughput [Metricbeat Ceph] ECS\"}"
            }, 
            "id": "88d48440-b46b-11e9-a579-f5c0a5d81340", 
            "migrationVersion": {
                "visualization": "7.3.0"
            }, 
            "references": [], 
            "type": "visualization", 
            "updated_at": "2019-08-02T10:54:20.715Z", 
            "version": "WzU5NiwxXQ=="
        }, 
        {
            "attributes": {
                "description": "", 
                "kibanaSavedObjectMeta": {
                    "searchSourceJSON": "{\"filter\": [], \"query\": {\"query\": \"\", \"language\": \"kuery\"}}"
                }, 
                "title": "IOPS [Metricbeat Ceph] ECS", 
                "uiStateJSON": "{}", 
                "version": 1, 
                "visState": "{\"type\": \"metrics\", \"params\": {\"default_index_pattern\": \"metricbeat-*\", \"index_pattern\": \"metricbeat-*\", \"default_timefield\": \"@timestamp\", \"series\": [{\"line_width\": 2, \"point_size\": 0, \"color\": \"#3185FC\", \"stacked\": \"none\", \"value_template\": \"{{value}}\", \"label\": \"read\", \"metrics\": [{\"field\": \"ceph.cluster_status.traffic.read_op_per_sec\", \"type\": \"max\", \"id\": \"0fc1f2e2-b46b-11e9-9488-8bde5ab143f4\"}], \"split_mode\": \"everything\", \"chart_type\": \"line\", \"separate_axis\": 0, \"axis_position\": \"right\", \"formatter\": \"number\", \"id\": \"0fc1f2e1-b46b-11e9-9488-8bde5ab143f4\", \"fill\": 0}, {\"line_width\": 2, \"point_size\": 0, \"color\": \"#DB1374\", \"stacked\": \"none\", \"value_template\": \"{{value}}\", \"label\": \"write\", \"metrics\": [{\"field\": \"ceph.cluster_status.traffic.write_op_per_sec\", \"type\": \"max\", \"id\": \"0fc1f2e4-b46b-11e9-9488-8bde5ab143f4\"}], \"split_mode\": \"everything\", \"chart_type\": \"line\", \"separate_axis\": 0, \"axis_position\": \"right\", \"formatter\": \"number\", \"id\": \"0fc1f2e3-b46b-11e9-9488-8bde5ab143f4\", \"fill\": 0}], \"axis_formatter\": \"number\", \"interval\": \"auto\", \"id\": \"0fc1f2e0-b46b-11e9-9488-8bde5ab143f4\", \"filter\": {\"query\": \"\", \"language\": \"kuery\"}, \"time_field\": \"@timestamp\", \"show_legend\": 1, \"show_grid\": 1, \"axis_scale\": \"normal\", \"type\": \"timeseries\", \"axis_position\": \"left\"}, \"aggs\": [], \"title\": \"IOPS [Metricbeat Ceph] ECS\"}"
            }, 
            "id": "346d00d0-b46b-11e9-a579-f5c0a5d81340", 
            "migrationVersion": {
                "visualization": "7.3.0"
            }, 
            "references": [], 
            "type": "visualization", 
            "updated_at": "2019-08-02T10:54:00.152Z", 
            "version": "WzU5MiwxXQ=="
        }, 
        {
            "attributes": {
                "description": "", 
                "kibanaSavedObjectMeta": {
                    "searchSourceJSON": "{\"filter\": [], \"query\": {\"query\": \"\", \"language\": \"kuery\"}}"
                }, 
                "title": "OSD Disk Usage [Metricbeat Ceph] ECS", 
                "uiStateJSON": "{}", 
                "version": 1, 
                "visState": "{\"type\": \"metrics\", \"params\": {\"default_index_pattern\": \"metricbeat-*\", \"gauge_color_rules\": [{\"operator\": \"gte\", \"gauge\": \"rgba(226,115,0,1)\", \"id\": \"e681d700-b46b-11e9-9bdc-15c69a730d82\", \"value\": 70}, {\"gauge\": \"rgba(247,58,26,1)\", \"id\": \"61b552b0-b513-11e9-81ce-0379c4621e40\", \"value\": 90}], \"time_field\": \"@timestamp\", \"index_pattern\": \"metricbeat-*\", \"default_timefield\": \"@timestamp\", \"series\": [{\"line_width\": 2, \"point_size\": 0, \"color\": \"rgba(164,221,0,1)\", \"stacked\": \"none\", \"value_template\": \"{{value}}\", \"label\": \"OSD disk usage\", \"metrics\": [{\"field\": \"ceph.osd_df.used.pct\", \"type\": \"max\", \"id\": \"e17a9bc2-b46b-11e9-9a02-5de45d117640\"}], \"split_mode\": \"everything\", \"chart_type\": \"line\", \"separate_axis\": 0, \"axis_position\": \"right\", \"formatter\": \"percent\", \"id\": \"e17a9bc1-b46b-11e9-9a02-5de45d117640\", \"fill\": 0}], \"axis_formatter\": \"number\", \"interval\": \"auto\", \"id\": \"e17a9bc0-b46b-11e9-9a02-5de45d117640\", \"filter\": {\"query\": \"\", \"language\": \"kuery\"}, \"gauge_inner_width\": 10, \"show_legend\": 1, \"show_grid\": 1, \"gauge_style\": \"half\", \"axis_scale\": \"normal\", \"gauge_width\": 10, \"type\": \"gauge\", \"axis_position\": \"left\", \"gauge_max\": \"\"}, \"aggs\": [], \"title\": \"OSD Disk Usage [Metricbeat Ceph] ECS\"}"
            }, 
            "id": "13efa190-b46c-11e9-a579-f5c0a5d81340", 
            "migrationVersion": {
                "visualization": "7.3.0"
            }, 
            "references": [], 
            "type": "visualization", 
            "updated_at": "2019-08-02T10:52:20.880Z", 
            "version": "WzU3NCwxXQ=="
        }, 
        {
            "attributes": {
                "description": "", 
                "kibanaSavedObjectMeta": {
                    "searchSourceJSON": "{\"filter\": [], \"query\": {\"query\": \"\", \"language\": \"kuery\"}}"
                }, 
                "title": "Pools [Metricbeat Ceph] ECS", 
                "uiStateJSON": "{}", 
                "version": 1, 
                "visState": "{\"type\": \"metrics\", \"params\": {\"bar_color_rules\": [{\"id\": \"21aaa880-b470-11e9-aefa-c791377b99c3\"}], \"default_index_pattern\": \"metricbeat-*\", \"background_color_rules\": [{\"id\": \"e96942b0-b46f-11e9-aefa-c791377b99c3\"}], \"time_field\": \"@timestamp\", \"index_pattern\": \"metricbeat-*\", \"default_timefield\": \"@timestamp\", \"series\": [{\"line_width\": 2, \"point_size\": 0, \"color\": \"#3185FC\", \"stacked\": \"none\", \"value_template\": \"{{value}}\", \"label\": \"Pools\", \"metrics\": [{\"field\": \"ceph.pool_disk.id\", \"type\": \"max\", \"id\": \"b859e761-b46f-11e9-9f8f-97f5e69abdab\"}], \"split_mode\": \"everything\", \"chart_type\": \"line\", \"separate_axis\": 0, \"axis_position\": \"right\", \"formatter\": \"number\", \"id\": \"b859e760-b46f-11e9-9f8f-97f5e69abdab\", \"fill\": 0}], \"axis_formatter\": \"number\", \"interval\": \"auto\", \"id\": \"b859c050-b46f-11e9-9f8f-97f5e69abdab\", \"filter\": {\"query\": \"\", \"language\": \"kuery\"}, \"gauge_inner_width\": 10, \"show_legend\": 1, \"gauge_color_rules\": [{\"id\": \"20eadaf0-b470-11e9-aefa-c791377b99c3\"}], \"show_grid\": 1, \"gauge_style\": \"half\", \"axis_scale\": \"normal\", \"gauge_width\": 10, \"type\": \"metric\", \"axis_position\": \"left\"}, \"aggs\": [], \"title\": \"Pools [Metricbeat Ceph] ECS\"}"
            }, 
            "id": "393df790-b470-11e9-a579-f5c0a5d81340", 
            "migrationVersion": {
                "visualization": "7.3.0"
            }, 
            "references": [], 
            "type": "visualization", 
            "updated_at": "2019-08-02T10:53:11.179Z", 
            "version": "WzU4MSwxXQ=="
        }, 
        {
            "attributes": {
                "description": "", 
                "kibanaSavedObjectMeta": {
                    "searchSourceJSON": "{\"filter\": [], \"query\": {\"query\": \"\", \"language\": \"kuery\"}}"
                }, 
                "title": "Pool Objects [Metricbeat Ceph] ECS", 
                "uiStateJSON": "{}", 
                "version": 1, 
                "visState": "{\"type\": \"metrics\", \"params\": {\"bar_color_rules\": [{\"id\": \"6b864810-b470-11e9-a4bb-473d6710f872\"}], \"default_index_pattern\": \"metricbeat-*\", \"background_color_rules\": [{\"id\": \"6ac91290-b470-11e9-a4bb-473d6710f872\"}], \"index_pattern\": \"metricbeat-*\", \"default_timefield\": \"@timestamp\", \"series\": [{\"line_width\": 2, \"terms_field\": \"ceph.pool_disk.name\", \"point_size\": 0, \"color\": \"rgba(104,188,0,1)\", \"stacked\": \"none\", \"value_template\": \"{{value}}\", \"label\": \"Objects\", \"metrics\": [{\"field\": \"ceph.pool_disk.stats.objects\", \"type\": \"max\", \"id\": \"4ce78952-b470-11e9-87e8-53bd102d292b\"}], \"split_mode\": \"terms\", \"chart_type\": \"line\", \"separate_axis\": 0, \"axis_position\": \"right\", \"formatter\": \"number\", \"id\": \"4ce78951-b470-11e9-87e8-53bd102d292b\", \"fill\": 0}], \"axis_formatter\": \"number\", \"interval\": \"auto\", \"id\": \"4ce78950-b470-11e9-87e8-53bd102d292b\", \"filter\": {\"query\": \"\", \"language\": \"kuery\"}, \"time_field\": \"@timestamp\", \"show_legend\": 1, \"show_grid\": 1, \"axis_scale\": \"normal\", \"type\": \"timeseries\", \"axis_position\": \"left\"}, \"aggs\": [], \"title\": \"Pool Objects [Metricbeat Ceph] ECS\"}"
            }, 
            "id": "aa9c2f10-b470-11e9-a579-f5c0a5d81340", 
            "migrationVersion": {
                "visualization": "7.3.0"
            }, 
            "references": [], 
            "type": "visualization", 
            "updated_at": "2019-08-02T10:53:35.220Z", 
            "version": "WzU4NiwxXQ=="
        }
    ], 
    "version": "7.3.0"
}